TenantId,"TimeGenerated [Local Time]",AccountName,Location,Protocol,OperationName,AuthenticationType,StatusCode,StatusText,DurationMs,ServerLatencyMs,Uri,CallerIpAddress,CorrelationId,SchemaVersion,OperationVersion,AuthenticationHash,RequesterObjectId,RequesterTenantId,RequesterAppId,RequesterAudience,RequesterTokenIssuer,RequesterUpn,AuthorizationDetails,UserAgentHeader,ReferrerHeader,ClientRequestId,Etag,ServiceType,OperationCount,ObjectKey,RequestHeaderSize,RequestBodySize,ResponseHeaderSize,ResponseBodySize,RequestMd5,ResponseMd5,"LastModifiedTime [Local Time]",ConditionsUsed,ContentLengthHeader,Category,TlsVersion,SasExpiryStatus,MetricResponseType,SourceUri,DestinationUri,AccessTier,SourceAccessTier,RehydratePriority,SourceSystem,Type,"_ResourceId"
"7aca393a-1a2d-49d5-8289-3195c3c704ba","3/21/2024, 1:34:46.531 PM",stmdpseadevin001,southeastasia,HTTPS,CreatePathDir,SAS,409,PathAlreadyExists,17,17,"https://stmdpseadevin001.dfs.core.windows.net/inbound/source_file/mdp/cis?resource=directory&se=2025-12-08T15%3A35%3A23Z&sig=XXXXX&sp=racwdlme&spr=https&sr=c&st=2023-12-08T07%3A35%3A23Z&sv=2022-11-02&timeout=901","172.30.68.219","f63ed9a5-c01f-004c-3259-7b0191000000","1.0","2018-11-09","key2(C7EB2C58AFF162BAB8C642DDC42445616122C84678127329BDAA6E600C2875DC),SasSignature(713EC9C9011617ADF592C8A9895C7714ADDC0794E124933213269819EBA1E377)",,,,,,,,"AzCopy/10.21.2 Azure-Storage/0.1 (go1.19.12; linux)",,"4c49f016-4ae3-4c35-4531-fb55975eb934",,blob,,"/stmdpseadevin001/inbound/source_file/mdp/cis",472,,228,,,,"1/1/1601, 6:42:00.000 AM","If-None-Match=*",,StorageWrite,"TLS 1.2",,ClientOtherError,,,None,,,Azure,StorageBlobLogs,"/subscriptions/84c51a50-9105-40db-8a5a-0af477d05597/resourcegroups/rg-mdp-sea-dev-dp-001/providers/microsoft.storage/storageaccounts/stmdpseadevin001/blobservices/default"
"7aca393a-1a2d-49d5-8289-3195c3c704ba","3/21/2024, 1:34:46.534 PM",stmdpseadevin001,southeastasia,HTTPS,CreatePathDir,SAS,409,PathAlreadyExists,13,13,"https://stmdpseadevin001.dfs.core.windows.net/inbound/source_file/mdp/cis?resource=directory&se=2025-12-08T15%3A35%3A23Z&sig=XXXXX&sp=racwdlme&spr=https&sr=c&st=2023-12-08T07%3A35%3A23Z&sv=2022-11-02&timeout=901","172.30.68.219","12387d6d-901f-0020-1759-7b4fe1000000","1.0","2018-11-09","key2(C7EB2C58AFF162BAB8C642DDC42445616122C84678127329BDAA6E600C2875DC),SasSignature(713EC9C9011617ADF592C8A9895C7714ADDC0794E124933213269819EBA1E377)",,,,,,,,"AzCopy/10.21.2 Azure-Storage/0.1 (go1.19.12; linux)",,"e1f9959b-91de-4c21-7608-b1b8d3885564",,blob,,"/stmdpseadevin001/inbound/source_file/mdp/cis",472,,228,,,,"1/1/1601, 6:42:00.000 AM","If-None-Match=*",,StorageWrite,"TLS 1.2",,ClientOtherError,,,None,,,Azure,StorageBlobLogs,"/subscriptions/84c51a50-9105-40db-8a5a-0af477d05597/resourcegroups/rg-mdp-sea-dev-dp-001/providers/microsoft.storage/storageaccounts/stmdpseadevin001/blobservices/default"
"7aca393a-1a2d-49d5-8289-3195c3c704ba","3/21/2024, 1:34:46.580 PM",stmdpseadevin001,southeastasia,HTTPS,CreatePathDir,SAS,409,PathAlreadyExists,14,14,"https://stmdpseadevin001.dfs.core.windows.net/inbound/source_file/mdp/cis?resource=directory&se=2025-12-08T15%3A35%3A23Z&sig=XXXXX&sp=racwdlme&spr=https&sr=c&st=2023-12-08T07%3A35%3A23Z&sv=2022-11-02&timeout=901","172.30.68.219","fa778e1e-c01f-004a-5859-7be750000000","1.0","2018-11-09","key2(C7EB2C58AFF162BAB8C642DDC42445616122C84678127329BDAA6E600C2875DC),SasSignature(713EC9C9011617ADF592C8A9895C7714ADDC0794E124933213269819EBA1E377)",,,,,,,,"AzCopy/10.21.2 Azure-Storage/0.1 (go1.19.12; linux)",,"94a4c743-69dc-4805-793b-12e6418c7dd7",,blob,,"/stmdpseadevin001/inbound/source_file/mdp/cis",472,,228,,,,"1/1/1601, 6:42:00.000 AM","If-None-Match=*",,StorageWrite,"TLS 1.2",,ClientOtherError,,,None,,,Azure,StorageBlobLogs,"/subscriptions/84c51a50-9105-40db-8a5a-0af477d05597/resourcegroups/rg-mdp-sea-dev-dp-001/providers/microsoft.storage/storageaccounts/stmdpseadevin001/blobservices/default"
"7aca393a-1a2d-49d5-8289-3195c3c704ba","3/21/2024, 1:34:46.584 PM",stmdpseadevin001,southeastasia,HTTPS,CreatePathDir,SAS,409,PathAlreadyExists,15,15,"https://stmdpseadevin001.dfs.core.windows.net/inbound/source_file/mdp/cis?resource=directory&se=2025-12-08T15%3A35%3A23Z&sig=XXXXX&sp=racwdlme&spr=https&sr=c&st=2023-12-08T07%3A35%3A23Z&sv=2022-11-02&timeout=901","172.30.68.219","208800f3-401f-000a-3259-7b1bf2000000","1.0","2018-11-09","key2(C7EB2C58AFF162BAB8C642DDC42445616122C84678127329BDAA6E600C2875DC),SasSignature(713EC9C9011617ADF592C8A9895C7714ADDC0794E124933213269819EBA1E377)",,,,,,,,"AzCopy/10.21.2 Azure-Storage/0.1 (go1.19.12; linux)",,"624f2036-abf2-4046-55d4-f873f1216a47",,blob,,"/stmdpseadevin001/inbound/source_file/mdp/cis",472,,228,,,,"1/1/1601, 6:42:00.000 AM","If-None-Match=*",,StorageWrite,"TLS 1.2",,ClientOtherError,,,None,,,Azure,StorageBlobLogs,"/subscriptions/84c51a50-9105-40db-8a5a-0af477d05597/resourcegroups/rg-mdp-sea-dev-dp-001/providers/microsoft.storage/storageaccounts/stmdpseadevin001/blobservices/default"
"7aca393a-1a2d-49d5-8289-3195c3c704ba","3/21/2024, 1:34:46.604 PM",stmdpseadevin001,southeastasia,HTTPS,CreatePathFile,SAS,201,Success,42,42,"https://stmdpseadevin001.dfs.core.windows.net/inbound/source_file/mdp/cis/cis_histsegm_20240319.txt?resource=file&se=2025-12-08T15%3A35%3A23Z&sig=XXXXX&sp=racwdlme&spr=https&sr=c&st=2023-12-08T07%3A35%3A23Z&sv=2022-11-02&timeout=901","172.30.68.219","f63ed9a7-c01f-004c-3459-7b0191000000","1.0","2018-11-09","key2(C7EB2C58AFF162BAB8C642DDC42445616122C84678127329BDAA6E600C2875DC),SasSignature(713EC9C9011617ADF592C8A9895C7714ADDC0794E124933213269819EBA1E377)",,,,,,,,"AzCopy/10.21.2 Azure-Storage/0.1 (go1.19.12; linux)",,"86d3de5b-1b5d-4da0-4d76-f8decbdd0d75",,blob,,"/stmdpseadevin001/inbound/source_file/mdp/cis/cis_histsegm_20240319.txt",606,,199,,,,"3/21/2024, 1:34:46.582 PM",,,StorageWrite,"TLS 1.2",,Success,,,None,,,Azure,StorageBlobLogs,"/subscriptions/84c51a50-9105-40db-8a5a-0af477d05597/resourcegroups/rg-mdp-sea-dev-dp-001/providers/microsoft.storage/storageaccounts/stmdpseadevin001/blobservices/default"
"7aca393a-1a2d-49d5-8289-3195c3c704ba","3/21/2024, 1:34:46.608 PM",stmdpseadevin001,southeastasia,HTTPS,CreatePathFile,SAS,201,Success,41,41,"https://stmdpseadevin001.dfs.core.windows.net/inbound/source_file/mdp/cis/cis_histsegm_20240319.ctl?resource=file&se=2025-12-08T15%3A35%3A23Z&sig=XXXXX&sp=racwdlme&spr=https&sr=c&st=2023-12-08T07%3A35%3A23Z&sv=2022-11-02&timeout=901","172.30.68.219","12387d6f-901f-0020-1959-7b4fe1000000","1.0","2018-11-09","key2(C7EB2C58AFF162BAB8C642DDC42445616122C84678127329BDAA6E600C2875DC),SasSignature(713EC9C9011617ADF592C8A9895C7714ADDC0794E124933213269819EBA1E377)",,,,,,,,"AzCopy/10.21.2 Azure-Storage/0.1 (go1.19.12; linux)",,"a3f1abf2-8ea9-41c5-4002-986a46441ceb",,blob,,"/stmdpseadevin001/inbound/source_file/mdp/cis/cis_histsegm_20240319.ctl",606,,199,,,,"3/21/2024, 1:34:46.584 PM",,,StorageWrite,"TLS 1.2",,Success,,,None,,,Azure,StorageBlobLogs,"/subscriptions/84c51a50-9105-40db-8a5a-0af477d05597/resourcegroups/rg-mdp-sea-dev-dp-001/providers/microsoft.storage/storageaccounts/stmdpseadevin001/blobservices/default"
"7aca393a-1a2d-49d5-8289-3195c3c704ba","3/21/2024, 1:34:46.641 PM",stmdpseadevin001,southeastasia,HTTPS,CreatePathFile,SAS,201,Success,26,26,"https://stmdpseadevin001.dfs.core.windows.net/inbound/source_file/mdp/cis/cis_org_20240319.ctl?resource=file&se=2025-12-08T15%3A35%3A23Z&sig=XXXXX&sp=racwdlme&spr=https&sr=c&st=2023-12-08T07%3A35%3A23Z&sv=2022-11-02&timeout=901","172.30.68.219","208800f4-401f-000a-3359-7b1bf2000000","1.0","2018-11-09","key2(C7EB2C58AFF162BAB8C642DDC42445616122C84678127329BDAA6E600C2875DC),SasSignature(713EC9C9011617ADF592C8A9895C7714ADDC0794E124933213269819EBA1E377)",,,,,,,,"AzCopy/10.21.2 Azure-Storage/0.1 (go1.19.12; linux)",,"8a085c2c-f884-4534-5b82-294b80bdb643",,blob,,"/stmdpseadevin001/inbound/source_file/mdp/cis/cis_org_20240319.ctl",601,,199,,,,"3/21/2024, 1:34:46.627 PM",,,StorageWrite,"TLS 1.2",,Success,,,None,,,Azure,StorageBlobLogs,"/subscriptions/84c51a50-9105-40db-8a5a-0af477d05597/resourcegroups/rg-mdp-sea-dev-dp-001/providers/microsoft.storage/storageaccounts/stmdpseadevin001/blobservices/default"
"7aca393a-1a2d-49d5-8289-3195c3c704ba","3/21/2024, 1:34:46.698 PM",stmdpseadevin001,southeastasia,HTTPS,CreatePathFile,SAS,201,Success,85,85,"https://stmdpseadevin001.dfs.core.windows.net/inbound/source_file/mdp/cis/cis_org_20240319.txt?resource=file&se=2025-12-08T15%3A35%3A23Z&sig=XXXXX&sp=racwdlme&spr=https&sr=c&st=2023-12-08T07%3A35%3A23Z&sv=2022-11-02&timeout=901","172.30.68.219","fa778e22-c01f-004a-5c59-7be750000000","1.0","2018-11-09","key2(C7EB2C58AFF162BAB8C642DDC42445616122C84678127329BDAA6E600C2875DC),SasSignature(713EC9C9011617ADF592C8A9895C7714ADDC0794E124933213269819EBA1E377)",,,,,,,,"AzCopy/10.21.2 Azure-Storage/0.1 (go1.19.12; linux)",,"018f29ae-10f3-4eb3-6a20-61169515dd3c",,blob,,"/stmdpseadevin001/inbound/source_file/mdp/cis/cis_org_20240319.txt",601,,199,,,,"3/21/2024, 1:34:46.687 PM",,,StorageWrite,"TLS 1.2",,Success,,,None,,,Azure,StorageBlobLogs,"/subscriptions/84c51a50-9105-40db-8a5a-0af477d05597/resourcegroups/rg-mdp-sea-dev-dp-001/providers/microsoft.storage/storageaccounts/stmdpseadevin001/blobservices/default"
"7aca393a-1a2d-49d5-8289-3195c3c704ba","3/21/2024, 1:34:46.731 PM",stmdpseadevin001,southeastasia,HTTPS,AppendFile,SAS,202,Success,9,9,"https://stmdpseadevin001.dfs.core.windows.net/inbound/source_file/mdp/cis/cis_org_20240319.ctl?action=append&position=0&se=2025-12-08T15%3A35%3A23Z&sig=XXXXX&sp=racwdlme&spr=https&sr=c&st=2023-12-08T07%3A35%3A23Z&sv=2022-11-02&timeout=901","172.30.68.219","208800f7-401f-000a-3659-7b1bf2000000","1.0","2018-11-09","key2(C7EB2C58AFF162BAB8C642DDC42445616122C84678127329BDAA6E600C2875DC),SasSignature(713EC9C9011617ADF592C8A9895C7714ADDC0794E124933213269819EBA1E377)",,,,,,,,"AzCopy/10.21.2 Azure-Storage/0.1 (go1.19.12; linux)",,"c2527642-2942-4707-78ff-a6dfc4d103e1",,blob,,"/stmdpseadevin001/inbound/source_file/mdp/cis/cis_org_20240319.ctl",514,118,169,,,,"1/1/1601, 6:42:00.000 AM",,118,StorageWrite,"TLS 1.2",,Success,,,None,,,Azure,StorageBlobLogs,"/subscriptions/84c51a50-9105-40db-8a5a-0af477d05597/resourcegroups/rg-mdp-sea-dev-dp-001/providers/microsoft.storage/storageaccounts/stmdpseadevin001/blobservices/default"
"7aca393a-1a2d-49d5-8289-3195c3c704ba","3/21/2024, 1:34:46.789 PM",stmdpseadevin001,southeastasia,HTTPS,AppendFile,SAS,202,Success,15,15,"https://stmdpseadevin001.dfs.core.windows.net/inbound/source_file/mdp/cis/cis_histsegm_20240319.ctl?action=append&position=0&se=2025-12-08T15%3A35%3A23Z&sig=XXXXX&sp=racwdlme&spr=https&sr=c&st=2023-12-08T07%3A35%3A23Z&sv=2022-11-02&timeout=901","172.30.68.219","60f92da4-501f-0043-1f59-7b3e72000000","1.0","2018-11-09","key2(C7EB2C58AFF162BAB8C642DDC42445616122C84678127329BDAA6E600C2875DC),SasSignature(713EC9C9011617ADF592C8A9895C7714ADDC0794E124933213269819EBA1E377)",,,,,,,,"AzCopy/10.21.2 Azure-Storage/0.1 (go1.19.12; linux)",,"15e43b5d-4d5b-41b8-4067-89410d889778",,blob,,"/stmdpseadevin001/inbound/source_file/mdp/cis/cis_histsegm_20240319.ctl",519,122,169,,,,"1/1/1601, 6:42:00.000 AM",,122,StorageWrite,"TLS 1.2",,Success,,,None,,,Azure,StorageBlobLogs,"/subscriptions/84c51a50-9105-40db-8a5a-0af477d05597/resourcegroups/rg-mdp-sea-dev-dp-001/providers/microsoft.storage/storageaccounts/stmdpseadevin001/blobservices/default"
"7aca393a-1a2d-49d5-8289-3195c3c704ba","3/21/2024, 1:34:46.809 PM",stmdpseadevin001,southeastasia,HTTPS,FlushFile,SAS,200,Success,39,39,"https://stmdpseadevin001.dfs.core.windows.net/inbound/source_file/mdp/cis/cis_org_20240319.ctl?action=flush&close=true&position=118&retainUncommittedData=false&se=2025-12-08T15%3A35%3A23Z&sig=XXXXX&sp=racwdlme&spr=https&sr=c&st=2023-12-08T07%3A35%3A23Z&sv=2022-11-02&timeout=901","172.30.68.219","208800f8-401f-000a-3759-7b1bf2000000","1.0","2018-11-09","key2(C7EB2C58AFF162BAB8C642DDC42445616122C84678127329BDAA6E600C2875DC),SasSignature(713EC9C9011617ADF592C8A9895C7714ADDC0794E124933213269819EBA1E377)",,,,,,,,"AzCopy/10.21.2 Azure-Storage/0.1 (go1.19.12; linux)",,"20848455-8f54-4536-40b8-b3c8eed40227",,blob,,"/stmdpseadevin001/inbound/source_file/mdp/cis/cis_org_20240319.ctl",663,,200,,,,"3/21/2024, 1:34:46.800 PM",,,StorageWrite,"TLS 1.2",,Success,,,None,,,Azure,StorageBlobLogs,"/subscriptions/84c51a50-9105-40db-8a5a-0af477d05597/resourcegroups/rg-mdp-sea-dev-dp-001/providers/microsoft.storage/storageaccounts/stmdpseadevin001/blobservices/default"
"7aca393a-1a2d-49d5-8289-3195c3c704ba","3/21/2024, 1:34:46.855 PM",stmdpseadevin001,southeastasia,HTTPS,FlushFile,SAS,200,Success,35,35,"https://stmdpseadevin001.dfs.core.windows.net/inbound/source_file/mdp/cis/cis_histsegm_20240319.ctl?action=flush&close=true&position=122&retainUncommittedData=false&se=2025-12-08T15%3A35%3A23Z&sig=XXXXX&sp=racwdlme&spr=https&sr=c&st=2023-12-08T07%3A35%3A23Z&sv=2022-11-02&timeout=901","172.30.68.219","60f92da5-501f-0043-2059-7b3e72000000","1.0","2018-11-09","key2(C7EB2C58AFF162BAB8C642DDC42445616122C84678127329BDAA6E600C2875DC),SasSignature(713EC9C9011617ADF592C8A9895C7714ADDC0794E124933213269819EBA1E377)",,,,,,,,"AzCopy/10.21.2 Azure-Storage/0.1 (go1.19.12; linux)",,"e55ff95b-77d7-4b9d-73a9-0183c46f2886",,blob,,"/stmdpseadevin001/inbound/source_file/mdp/cis/cis_histsegm_20240319.ctl",668,,200,,,,"3/21/2024, 1:34:46.849 PM",,,StorageWrite,"TLS 1.2",,Success,,,None,,,Azure,StorageBlobLogs,"/subscriptions/84c51a50-9105-40db-8a5a-0af477d05597/resourcegroups/rg-mdp-sea-dev-dp-001/providers/microsoft.storage/storageaccounts/stmdpseadevin001/blobservices/default"
"7aca393a-1a2d-49d5-8289-3195c3c704ba","3/21/2024, 1:34:46.893 PM",stmdpseadevin001,southeastasia,HTTPS,GetFileProperties,SAS,200,Success,4,4,"https://stmdpseadevin001.dfs.core.windows.net/inbound/source_file/mdp/cis/cis_histsegm_20240319.ctl?se=2025-12-08T15%3A35%3A23Z&sig=XXXXX&sp=racwdlme&spr=https&sr=c&st=2023-12-08T07%3A35%3A23Z&sv=2022-11-02&timeout=901","172.30.68.219","60f92daa-501f-0043-2559-7b3e72000000","1.0","2018-11-09","key2(C7EB2C58AFF162BAB8C642DDC42445616122C84678127329BDAA6E600C2875DC),SasSignature(713EC9C9011617ADF592C8A9895C7714ADDC0794E124933213269819EBA1E377)",,,,,,,,"AzCopy/10.21.2 Azure-Storage/0.1 (go1.19.12; linux)",,"e98bed56-ef18-4748-6a5f-13bac1a5e26e",,blob,,"/stmdpseadevin001/inbound/source_file/mdp/cis/cis_histsegm_20240319.ctl",451,,400,,,,"3/21/2024, 1:34:46.849 PM",,,StorageRead,"TLS 1.2",,Success,,,None,,,Azure,StorageBlobLogs,"/subscriptions/84c51a50-9105-40db-8a5a-0af477d05597/resourcegroups/rg-mdp-sea-dev-dp-001/providers/microsoft.storage/storageaccounts/stmdpseadevin001/blobservices/default"
"7aca393a-1a2d-49d5-8289-3195c3c704ba","3/21/2024, 1:34:46.999 PM",stmdpseadevin001,southeastasia,HTTPS,GetFileProperties,SAS,200,Success,12,12,"https://stmdpseadevin001.dfs.core.windows.net/inbound/source_file/mdp/cis/cis_org_20240319.ctl?se=2025-12-08T15%3A35%3A23Z&sig=XXXXX&sp=racwdlme&spr=https&sr=c&st=2023-12-08T07%3A35%3A23Z&sv=2022-11-02&timeout=901","172.30.68.219","7d02c716-201f-003d-5c59-7bc247000000","1.0","2018-11-09","key2(C7EB2C58AFF162BAB8C642DDC42445616122C84678127329BDAA6E600C2875DC),SasSignature(713EC9C9011617ADF592C8A9895C7714ADDC0794E124933213269819EBA1E377)",,,,,,,,"AzCopy/10.21.2 Azure-Storage/0.1 (go1.19.12; linux)",,"08d868e7-d683-4b18-5bc0-f1b4a3e70a11",,blob,,"/stmdpseadevin001/inbound/source_file/mdp/cis/cis_org_20240319.ctl",446,,400,,,,"3/21/2024, 1:34:46.800 PM",,,StorageRead,"TLS 1.2",,Success,,,None,,,Azure,StorageBlobLogs,"/subscriptions/84c51a50-9105-40db-8a5a-0af477d05597/resourcegroups/rg-mdp-sea-dev-dp-001/providers/microsoft.storage/storageaccounts/stmdpseadevin001/blobservices/default"
"7aca393a-1a2d-49d5-8289-3195c3c704ba","3/21/2024, 1:34:47.003 PM",stmdpseadevin001,southeastasia,HTTPS,AppendFile,SAS,202,Success,332,45,"https://stmdpseadevin001.dfs.core.windows.net/inbound/source_file/mdp/cis/cis_histsegm_20240319.txt?action=append&position=16777216&se=2025-12-08T15%3A35%3A23Z&sig=XXXXX&sp=racwdlme&spr=https&sr=c&st=2023-12-08T07%3A35%3A23Z&sv=2022-11-02&timeout=901","172.30.68.219","12387d71-901f-0020-1b59-7b4fe1000000","1.0","2018-11-09","key2(C7EB2C58AFF162BAB8C642DDC42445616122C84678127329BDAA6E600C2875DC),SasSignature(713EC9C9011617ADF592C8A9895C7714ADDC0794E124933213269819EBA1E377)",,,,,,,,"AzCopy/10.21.2 Azure-Storage/0.1 (go1.19.12; linux)",,"557fa7c9-dbd2-42d5-7dc7-8e6eab0b2671",,blob,,"/stmdpseadevin001/inbound/source_file/mdp/cis/cis_histsegm_20240319.txt",530,2327652,169,,,,"1/1/1601, 6:42:00.000 AM",,2327652,StorageWrite,"TLS 1.2",,Success,,,None,,,Azure,StorageBlobLogs,"/subscriptions/84c51a50-9105-40db-8a5a-0af477d05597/resourcegroups/rg-mdp-sea-dev-dp-001/providers/microsoft.storage/storageaccounts/stmdpseadevin001/blobservices/default"
"7aca393a-1a2d-49d5-8289-3195c3c704ba","3/21/2024, 1:34:47.157 PM",stmdpseadevin001,southeastasia,HTTPS,GetBlobProperties,OAuth,200,Success,25,25,"https://stmdpseadevin001.blob.core.windows.net:443/inbound/source_file/mdp/cis/cis_org_20240319.ctl","10.0.0.30:60404","90d8e73f-c01e-002e-0d59-7b8e0f000000","1.0","2022-11-02",4B5051F4C0CFF2819B7D2ABD8B8D3911A51A2829A7C428413839716BE9A975CA,"5b9c299e-f00d-4a62-ba1a-9ec8329f0417","8e11df9f-4615-434f-a6c6-8a0cb4ffeb6c","43386433-64a6-41a3-aecb-5acbddabc64c","https://storage.azure.com","https://sts.windows.net/8e11df9f-4615-434f-a6c6-8a0cb4ffeb6c/",,"[{""action"":""Microsoft.Storage/storageAccounts/blobServices/containers/blobs/read"",""roleAssignmentId"":""bf3889c5-7a65-c202-def9-ddb77590dc84"",""roleDefinitionId"":""1e7ca9b1-60d1-4db8-a914-f2ca1ff27c40"",""type"":""RBAC"",""principals"":[{""type"":""ServicePrincipal"",""id"":""5b9c299e-f00d-4a62-ba1a-9ec8329f0417""}],""denyAssignmentId"":"""",""result"":""Granted"",""reason"":""Policy""}]","StorageMalwareScanning azsdk-net-Storage.Blobs/12.16.0 (.NET 6.0.22; Microsoft Windows 10.0.20348)",,"61998841-7836-4f21-8399-3c58ed4fd161","""0x8DC4971007BB02E""",blob,,"/stmdpseadevin001/inbound/source_file/mdp/cis/cis_org_20240319.ctl",1813,,561,,,,"3/21/2024, 1:34:46.000 PM",,,StorageRead,"TLS 1.2",,Success,,,,None,,Azure,StorageBlobLogs,"/subscriptions/84c51a50-9105-40db-8a5a-0af477d05597/resourcegroups/rg-mdp-sea-dev-dp-001/providers/microsoft.storage/storageaccounts/stmdpseadevin001/blobservices/default"
"7aca393a-1a2d-49d5-8289-3195c3c704ba","3/21/2024, 1:34:47.199 PM",stmdpseadevin001,southeastasia,HTTPS,GetBlobProperties,OAuth,200,Success,26,26,"https://stmdpseadevin001.blob.core.windows.net:443/inbound/source_file/mdp/cis/cis_histsegm_20240319.ctl","10.0.0.11:58898","f124c99d-201e-0059-3559-7bab18000000","1.0","2022-11-02",E614399ED24FC52A377B044D12136EBB3E0A82384548BBDEBE2A9C8AF93AF204,"5b9c299e-f00d-4a62-ba1a-9ec8329f0417","8e11df9f-4615-434f-a6c6-8a0cb4ffeb6c","43386433-64a6-41a3-aecb-5acbddabc64c","https://storage.azure.com","https://sts.windows.net/8e11df9f-4615-434f-a6c6-8a0cb4ffeb6c/",,"[{""action"":""Microsoft.Storage/storageAccounts/blobServices/containers/blobs/read"",""roleAssignmentId"":""bf3889c5-7a65-c202-def9-ddb77590dc84"",""roleDefinitionId"":""1e7ca9b1-60d1-4db8-a914-f2ca1ff27c40"",""type"":""RBAC"",""principals"":[{""type"":""ServicePrincipal"",""id"":""5b9c299e-f00d-4a62-ba1a-9ec8329f0417""}],""denyAssignmentId"":"""",""result"":""Granted"",""reason"":""Policy""}]","StorageMalwareScanning azsdk-net-Storage.Blobs/12.16.0 (.NET 6.0.22; Microsoft Windows 10.0.20348)",,"47a6cafb-5b4a-49ee-bc88-eaee58e33f60","""0x8DC49710083215B""",blob,,"/stmdpseadevin001/inbound/source_file/mdp/cis/cis_histsegm_20240319.ctl",1818,,561,,,,"3/21/2024, 1:34:46.000 PM",,,StorageRead,"TLS 1.2",,Success,,,,None,,Azure,StorageBlobLogs,"/subscriptions/84c51a50-9105-40db-8a5a-0af477d05597/resourcegroups/rg-mdp-sea-dev-dp-001/providers/microsoft.storage/storageaccounts/stmdpseadevin001/blobservices/default"
"7aca393a-1a2d-49d5-8289-3195c3c704ba","3/21/2024, 1:34:47.830 PM",stmdpseadevin001,southeastasia,HTTPS,GetBlobProperties,OAuth,200,Success,24,24,"https://stmdpseadevin001.blob.core.windows.net:443/inbound/source_file/mdp/cis/cis_histsegm_20240319.ctl?timeout=300","10.40.0.5:51781","dd96cf6d-801e-006f-3c59-7b8ca0000000","1.0","2019-07-07",E614399ED24FC52A377B044D12136EBB3E0A82384548BBDEBE2A9C8AF93AF204,"5b9c299e-f00d-4a62-ba1a-9ec8329f0417","8e11df9f-4615-434f-a6c6-8a0cb4ffeb6c","43386433-64a6-41a3-aecb-5acbddabc64c","https://storage.azure.com","https://sts.windows.net/8e11df9f-4615-434f-a6c6-8a0cb4ffeb6c/",,"[{""action"":""Microsoft.Storage/storageAccounts/blobServices/containers/blobs/read"",""roleAssignmentId"":""bf3889c5-7a65-c202-def9-ddb77590dc84"",""roleDefinitionId"":""1e7ca9b1-60d1-4db8-a914-f2ca1ff27c40"",""type"":""RBAC"",""principals"":[{""type"":""ServicePrincipal"",""id"":""5b9c299e-f00d-4a62-ba1a-9ec8329f0417""}],""denyAssignmentId"":"""",""result"":""Granted"",""reason"":""Policy""}]","StorageMalwareScanning DataMovement/2.0.4.0 Azure-Storage/11.2.3 (.NET CLR 4.0.30319.42000; Win32NT 6.2.9200.0)",,"e78c490f-89bf-44f6-84dc-e3ac36cf70ed","""0x8DC49710083215B""",blob,,"/stmdpseadevin001/inbound/source_file/mdp/cis/cis_histsegm_20240319.ctl",1874,,474,,,,"3/21/2024, 1:34:46.000 PM","If-Match=Thursday, 21-Mar-24 06:34:46 GMT",,StorageRead,"TLS 1.2",,Success,,,,None,,Azure,StorageBlobLogs,"/subscriptions/84c51a50-9105-40db-8a5a-0af477d05597/resourcegroups/rg-mdp-sea-dev-dp-001/providers/microsoft.storage/storageaccounts/stmdpseadevin001/blobservices/default"
"7aca393a-1a2d-49d5-8289-3195c3c704ba","3/21/2024, 1:34:47.848 PM",stmdpseadevin001,southeastasia,HTTPS,GetBlob,OAuth,206,Success,16,16,"https://stmdpseadevin001.blob.core.windows.net:443/inbound/source_file/mdp/cis/cis_histsegm_20240319.ctl?timeout=300","10.40.0.5:51781","dd96cf97-801e-006f-5b59-7b8ca0000000","1.0","2019-07-07",E614399ED24FC52A377B044D12136EBB3E0A82384548BBDEBE2A9C8AF93AF204,"5b9c299e-f00d-4a62-ba1a-9ec8329f0417","8e11df9f-4615-434f-a6c6-8a0cb4ffeb6c","43386433-64a6-41a3-aecb-5acbddabc64c","https://storage.azure.com","https://sts.windows.net/8e11df9f-4615-434f-a6c6-8a0cb4ffeb6c/",,"[{""action"":""Microsoft.Storage/storageAccounts/blobServices/containers/blobs/read"",""roleAssignmentId"":""bf3889c5-7a65-c202-def9-ddb77590dc84"",""roleDefinitionId"":""1e7ca9b1-60d1-4db8-a914-f2ca1ff27c40"",""type"":""RBAC"",""principals"":[{""type"":""ServicePrincipal"",""id"":""5b9c299e-f00d-4a62-ba1a-9ec8329f0417""}],""denyAssignmentId"":"""",""result"":""Granted"",""reason"":""Policy""}]","StorageMalwareScanning DataMovement/2.0.4.0 Azure-Storage/11.2.3 (.NET CLR 4.0.30319.42000; Win32NT 6.2.9200.0)",,"c64b6f76-ef7b-4883-8b7c-eaed0b910aaa","""0x8DC49710083215B""",blob,,"/stmdpseadevin001/inbound/source_file/mdp/cis/cis_histsegm_20240319.ctl",1874,,454,122,,,"3/21/2024, 1:34:46.000 PM","If-Match=Thursday, 21-Mar-24 06:34:46 GMT",,StorageRead,"TLS 1.2",,Success,,,,None,,Azure,StorageBlobLogs,"/subscriptions/84c51a50-9105-40db-8a5a-0af477d05597/resourcegroups/rg-mdp-sea-dev-dp-001/providers/microsoft.storage/storageaccounts/stmdpseadevin001/blobservices/default"
"7aca393a-1a2d-49d5-8289-3195c3c704ba","3/21/2024, 1:34:47.982 PM",stmdpseadevin001,southeastasia,HTTPS,AppendFile,SAS,202,Success,1011,44,"https://stmdpseadevin001.dfs.core.windows.net/inbound/source_file/mdp/cis/cis_org_20240319.txt?action=append&position=67108864&se=2025-12-08T15%3A35%3A23Z&sig=XXXXX&sp=racwdlme&spr=https&sr=c&st=2023-12-08T07%3A35%3A23Z&sv=2022-11-02&timeout=901","172.30.68.219","d055e667-701f-0057-7f59-7b6af6000000","1.0","2018-11-09","key2(C7EB2C58AFF162BAB8C642DDC42445616122C84678127329BDAA6E600C2875DC),SasSignature(713EC9C9011617ADF592C8A9895C7714ADDC0794E124933213269819EBA1E377)",,,,,,,,"AzCopy/10.21.2 Azure-Storage/0.1 (go1.19.12; linux)",,"f735d645-262c-466d-6825-8af2fb86272c",,blob,,"/stmdpseadevin001/inbound/source_file/mdp/cis/cis_org_20240319.txt",525,1467099,169,,,,"1/1/1601, 6:42:00.000 AM",,1467099,StorageWrite,"TLS 1.2",,Success,,,None,,,Azure,StorageBlobLogs,"/subscriptions/84c51a50-9105-40db-8a5a-0af477d05597/resourcegroups/rg-mdp-sea-dev-dp-001/providers/microsoft.storage/storageaccounts/stmdpseadevin001/blobservices/default"
"7aca393a-1a2d-49d5-8289-3195c3c704ba","3/21/2024, 1:34:48.102 PM",stmdpseadevin001,southeastasia,HTTPS,AppendFile,SAS,202,Success,1433,117,"https://stmdpseadevin001.dfs.core.windows.net/inbound/source_file/mdp/cis/cis_histsegm_20240319.txt?action=append&position=0&se=2025-12-08T15%3A35%3A23Z&sig=XXXXX&sp=racwdlme&spr=https&sr=c&st=2023-12-08T07%3A35%3A23Z&sv=2022-11-02&timeout=901","172.30.68.219","f63ed9a9-c01f-004c-3659-7b0191000000","1.0","2018-11-09","key2(C7EB2C58AFF162BAB8C642DDC42445616122C84678127329BDAA6E600C2875DC),SasSignature(713EC9C9011617ADF592C8A9895C7714ADDC0794E124933213269819EBA1E377)",,,,,,,,"AzCopy/10.21.2 Azure-Storage/0.1 (go1.19.12; linux)",,"bca22aa5-7fd8-4f03-705f-8b84c6985d6a",,blob,,"/stmdpseadevin001/inbound/source_file/mdp/cis/cis_histsegm_20240319.txt",523,8388608,169,,,,"1/1/1601, 6:42:00.000 AM",,8388608,StorageWrite,"TLS 1.2",,Success,,,None,,,Azure,StorageBlobLogs,"/subscriptions/84c51a50-9105-40db-8a5a-0af477d05597/resourcegroups/rg-mdp-sea-dev-dp-001/providers/microsoft.storage/storageaccounts/stmdpseadevin001/blobservices/default"
"7aca393a-1a2d-49d5-8289-3195c3c704ba","3/21/2024, 1:34:48.118 PM",stmdpseadevin001,southeastasia,HTTPS,GetBlobProperties,OAuth,200,Success,23,23,"https://stmdpseadevin001.blob.core.windows.net:443/inbound/source_file/mdp/cis/cis_org_20240319.ctl?timeout=300","10.40.0.32:56703","8b9d0d05-401e-0068-7059-7b946c000000","1.0","2019-07-07",4B5051F4C0CFF2819B7D2ABD8B8D3911A51A2829A7C428413839716BE9A975CA,"5b9c299e-f00d-4a62-ba1a-9ec8329f0417","8e11df9f-4615-434f-a6c6-8a0cb4ffeb6c","43386433-64a6-41a3-aecb-5acbddabc64c","https://storage.azure.com","https://sts.windows.net/8e11df9f-4615-434f-a6c6-8a0cb4ffeb6c/",,"[{""action"":""Microsoft.Storage/storageAccounts/blobServices/containers/blobs/read"",""roleAssignmentId"":""bf3889c5-7a65-c202-def9-ddb77590dc84"",""roleDefinitionId"":""1e7ca9b1-60d1-4db8-a914-f2ca1ff27c40"",""type"":""RBAC"",""principals"":[{""type"":""ServicePrincipal"",""id"":""5b9c299e-f00d-4a62-ba1a-9ec8329f0417""}],""denyAssignmentId"":"""",""result"":""Granted"",""reason"":""Policy""}]","StorageMalwareScanning DataMovement/2.0.4.0 Azure-Storage/11.2.3 (.NET CLR 4.0.30319.42000; Win32NT 6.2.9200.0)",,"a1f72733-3f42-43a5-8e1e-7849876410f9","""0x8DC4971007BB02E""",blob,,"/stmdpseadevin001/inbound/source_file/mdp/cis/cis_org_20240319.ctl",1869,,474,,,,"3/21/2024, 1:34:46.000 PM","If-Match=Thursday, 21-Mar-24 06:34:46 GMT",,StorageRead,"TLS 1.2",,Success,,,,None,,Azure,StorageBlobLogs,"/subscriptions/84c51a50-9105-40db-8a5a-0af477d05597/resourcegroups/rg-mdp-sea-dev-dp-001/providers/microsoft.storage/storageaccounts/stmdpseadevin001/blobservices/default"
"7aca393a-1a2d-49d5-8289-3195c3c704ba","3/21/2024, 1:34:48.137 PM",stmdpseadevin001,southeastasia,HTTPS,GetBlob,OAuth,206,Success,17,17,"https://stmdpseadevin001.blob.core.windows.net:443/inbound/source_file/mdp/cis/cis_org_20240319.ctl?timeout=300","10.40.0.32:56703","8b9d0d2d-401e-0068-1059-7b946c000000","1.0","2019-07-07",4B5051F4C0CFF2819B7D2ABD8B8D3911A51A2829A7C428413839716BE9A975CA,"5b9c299e-f00d-4a62-ba1a-9ec8329f0417","8e11df9f-4615-434f-a6c6-8a0cb4ffeb6c","43386433-64a6-41a3-aecb-5acbddabc64c","https://storage.azure.com","https://sts.windows.net/8e11df9f-4615-434f-a6c6-8a0cb4ffeb6c/",,"[{""action"":""Microsoft.Storage/storageAccounts/blobServices/containers/blobs/read"",""roleAssignmentId"":""bf3889c5-7a65-c202-def9-ddb77590dc84"",""roleDefinitionId"":""1e7ca9b1-60d1-4db8-a914-f2ca1ff27c40"",""type"":""RBAC"",""principals"":[{""type"":""ServicePrincipal"",""id"":""5b9c299e-f00d-4a62-ba1a-9ec8329f0417""}],""denyAssignmentId"":"""",""result"":""Granted"",""reason"":""Policy""}]","StorageMalwareScanning DataMovement/2.0.4.0 Azure-Storage/11.2.3 (.NET CLR 4.0.30319.42000; Win32NT 6.2.9200.0)",,"70dea25b-46b8-4de7-9d39-19ac4f59ed8d","""0x8DC4971007BB02E""",blob,,"/stmdpseadevin001/inbound/source_file/mdp/cis/cis_org_20240319.ctl",1869,,454,118,,,"3/21/2024, 1:34:46.000 PM","If-Match=Thursday, 21-Mar-24 06:34:46 GMT",,StorageRead,"TLS 1.2",,Success,,,,None,,Azure,StorageBlobLogs,"/subscriptions/84c51a50-9105-40db-8a5a-0af477d05597/resourcegroups/rg-mdp-sea-dev-dp-001/providers/microsoft.storage/storageaccounts/stmdpseadevin001/blobservices/default"
"7aca393a-1a2d-49d5-8289-3195c3c704ba","3/21/2024, 1:34:49.531 PM",stmdpseadevin001,southeastasia,HTTPS,AppendFile,SAS,202,Success,2555,152,"https://stmdpseadevin001.dfs.core.windows.net/inbound/source_file/mdp/cis/cis_org_20240319.txt?action=append&position=33554432&se=2025-12-08T15%3A35%3A23Z&sig=XXXXX&sp=racwdlme&spr=https&sr=c&st=2023-12-08T07%3A35%3A23Z&sv=2022-11-02&timeout=901","172.30.68.219","1cd2a088-a01f-001f-2d59-7bb17b000000","1.0","2018-11-09","key2(C7EB2C58AFF162BAB8C642DDC42445616122C84678127329BDAA6E600C2875DC),SasSignature(713EC9C9011617ADF592C8A9895C7714ADDC0794E124933213269819EBA1E377)",,,,,,,,"AzCopy/10.21.2 Azure-Storage/0.1 (go1.19.12; linux)",,"9501a967-de2d-4772-6ac3-b910a8b32ef3",,blob,,"/stmdpseadevin001/inbound/source_file/mdp/cis/cis_org_20240319.txt",525,8388608,169,,,,"1/1/1601, 6:42:00.000 AM",,8388608,StorageWrite,"TLS 1.2",,Success,,,None,,,Azure,StorageBlobLogs,"/subscriptions/84c51a50-9105-40db-8a5a-0af477d05597/resourcegroups/rg-mdp-sea-dev-dp-001/providers/microsoft.storage/storageaccounts/stmdpseadevin001/blobservices/default"
"7aca393a-1a2d-49d5-8289-3195c3c704ba","3/21/2024, 1:34:49.736 PM",stmdpseadevin001,southeastasia,HTTPS,AppendFile,SAS,202,Success,2885,147,"https://stmdpseadevin001.dfs.core.windows.net/inbound/source_file/mdp/cis/cis_org_20240319.txt?action=append&position=8388608&se=2025-12-08T15%3A35%3A23Z&sig=XXXXX&sp=racwdlme&spr=https&sr=c&st=2023-12-08T07%3A35%3A23Z&sv=2022-11-02&timeout=901","172.30.68.219","208800fa-401f-000a-3959-7b1bf2000000","1.0","2018-11-09","key2(C7EB2C58AFF162BAB8C642DDC42445616122C84678127329BDAA6E600C2875DC),SasSignature(713EC9C9011617ADF592C8A9895C7714ADDC0794E124933213269819EBA1E377)",,,,,,,,"AzCopy/10.21.2 Azure-Storage/0.1 (go1.19.12; linux)",,"b6dbbfc2-3c4f-497b-5d1f-16670ac88087",,blob,,"/stmdpseadevin001/inbound/source_file/mdp/cis/cis_org_20240319.txt",524,8388608,169,,,,"1/1/1601, 6:42:00.000 AM",,8388608,StorageWrite,"TLS 1.2",,Success,,,None,,,Azure,StorageBlobLogs,"/subscriptions/84c51a50-9105-40db-8a5a-0af477d05597/resourcegroups/rg-mdp-sea-dev-dp-001/providers/microsoft.storage/storageaccounts/stmdpseadevin001/blobservices/default"
"7aca393a-1a2d-49d5-8289-3195c3c704ba","3/21/2024, 1:34:50.137 PM",stmdpseadevin001,southeastasia,HTTPS,AppendFile,SAS,202,Success,3151,174,"https://stmdpseadevin001.dfs.core.windows.net/inbound/source_file/mdp/cis/cis_org_20240319.txt?action=append&position=50331648&se=2025-12-08T15%3A35%3A23Z&sig=XXXXX&sp=racwdlme&spr=https&sr=c&st=2023-12-08T07%3A35%3A23Z&sv=2022-11-02&timeout=901","172.30.68.219","a7d04e22-d01f-0003-1359-7bc2d0000000","1.0","2018-11-09","key2(C7EB2C58AFF162BAB8C642DDC42445616122C84678127329BDAA6E600C2875DC),SasSignature(713EC9C9011617ADF592C8A9895C7714ADDC0794E124933213269819EBA1E377)",,,,,,,,"AzCopy/10.21.2 Azure-Storage/0.1 (go1.19.12; linux)",,"73a95b44-cfb4-4f74-4e6f-c594dd969ca6",,blob,,"/stmdpseadevin001/inbound/source_file/mdp/cis/cis_org_20240319.txt",525,8388608,169,,,,"1/1/1601, 6:42:00.000 AM",,8388608,StorageWrite,"TLS 1.2",,Success,,,None,,,Azure,StorageBlobLogs,"/subscriptions/84c51a50-9105-40db-8a5a-0af477d05597/resourcegroups/rg-mdp-sea-dev-dp-001/providers/microsoft.storage/storageaccounts/stmdpseadevin001/blobservices/default"
"7aca393a-1a2d-49d5-8289-3195c3c704ba","3/21/2024, 1:34:50.224 PM",stmdpseadevin001,southeastasia,HTTPS,AppendFile,SAS,202,Success,3444,160,"https://stmdpseadevin001.dfs.core.windows.net/inbound/source_file/mdp/cis/cis_histsegm_20240319.txt?action=append&position=8388608&se=2025-12-08T15%3A35%3A23Z&sig=XXXXX&sp=racwdlme&spr=https&sr=c&st=2023-12-08T07%3A35%3A23Z&sv=2022-11-02&timeout=901","172.30.68.219","1ff985fa-601f-003f-5d59-7bcf2a000000","1.0","2018-11-09","key2(C7EB2C58AFF162BAB8C642DDC42445616122C84678127329BDAA6E600C2875DC),SasSignature(713EC9C9011617ADF592C8A9895C7714ADDC0794E124933213269819EBA1E377)",,,,,,,,"AzCopy/10.21.2 Azure-Storage/0.1 (go1.19.12; linux)",,"6ace83cf-3134-4a23-7f9b-ace09c0684bc",,blob,,"/stmdpseadevin001/inbound/source_file/mdp/cis/cis_histsegm_20240319.txt",529,8388608,169,,,,"1/1/1601, 6:42:00.000 AM",,8388608,StorageWrite,"TLS 1.2",,Success,,,None,,,Azure,StorageBlobLogs,"/subscriptions/84c51a50-9105-40db-8a5a-0af477d05597/resourcegroups/rg-mdp-sea-dev-dp-001/providers/microsoft.storage/storageaccounts/stmdpseadevin001/blobservices/default"
"7aca393a-1a2d-49d5-8289-3195c3c704ba","3/21/2024, 1:34:50.293 PM",stmdpseadevin001,southeastasia,HTTPS,FlushFile,SAS,200,Success,38,38,"https://stmdpseadevin001.dfs.core.windows.net/inbound/source_file/mdp/cis/cis_histsegm_20240319.txt?action=flush&close=true&position=19104868&retainUncommittedData=false&se=2025-12-08T15%3A35%3A23Z&sig=XXXXX&sp=racwdlme&spr=https&sr=c&st=2023-12-08T07%3A35%3A23Z&sv=2022-11-02&timeout=901","172.30.68.219","1ff9864a-601f-003f-2859-7bcf2a000000","1.0","2018-11-09","key2(C7EB2C58AFF162BAB8C642DDC42445616122C84678127329BDAA6E600C2875DC),SasSignature(713EC9C9011617ADF592C8A9895C7714ADDC0794E124933213269819EBA1E377)",,,,,,,,"AzCopy/10.21.2 Azure-Storage/0.1 (go1.19.12; linux)",,"28e268d7-df0b-47b8-70c3-ae312ee27744",,blob,,"/stmdpseadevin001/inbound/source_file/mdp/cis/cis_histsegm_20240319.txt",673,,200,,,,"3/21/2024, 1:34:50.287 PM",,,StorageWrite,"TLS 1.2",,Success,,,None,,,Azure,StorageBlobLogs,"/subscriptions/84c51a50-9105-40db-8a5a-0af477d05597/resourcegroups/rg-mdp-sea-dev-dp-001/providers/microsoft.storage/storageaccounts/stmdpseadevin001/blobservices/default"
"7aca393a-1a2d-49d5-8289-3195c3c704ba","3/21/2024, 1:34:50.304 PM",stmdpseadevin001,southeastasia,HTTPS,AppendFile,SAS,202,Success,3321,124,"https://stmdpseadevin001.dfs.core.windows.net/inbound/source_file/mdp/cis/cis_org_20240319.txt?action=append&position=58720256&se=2025-12-08T15%3A35%3A23Z&sig=XXXXX&sp=racwdlme&spr=https&sr=c&st=2023-12-08T07%3A35%3A23Z&sv=2022-11-02&timeout=901","172.30.68.219","88fda62d-501f-0062-1459-7bbe2e000000","1.0","2018-11-09","key2(C7EB2C58AFF162BAB8C642DDC42445616122C84678127329BDAA6E600C2875DC),SasSignature(713EC9C9011617ADF592C8A9895C7714ADDC0794E124933213269819EBA1E377)",,,,,,,,"AzCopy/10.21.2 Azure-Storage/0.1 (go1.19.12; linux)",,"d7a601b0-4b99-4f03-4625-4309a0dc07fb",,blob,,"/stmdpseadevin001/inbound/source_file/mdp/cis/cis_org_20240319.txt",525,8388608,169,,,,"1/1/1601, 6:42:00.000 AM",,8388608,StorageWrite,"TLS 1.2",,Success,,,None,,,Azure,StorageBlobLogs,"/subscriptions/84c51a50-9105-40db-8a5a-0af477d05597/resourcegroups/rg-mdp-sea-dev-dp-001/providers/microsoft.storage/storageaccounts/stmdpseadevin001/blobservices/default"
"7aca393a-1a2d-49d5-8289-3195c3c704ba","3/21/2024, 1:34:50.328 PM",stmdpseadevin001,southeastasia,HTTPS,GetFileProperties,SAS,200,Success,4,4,"https://stmdpseadevin001.dfs.core.windows.net/inbound/source_file/mdp/cis/cis_histsegm_20240319.txt?se=2025-12-08T15%3A35%3A23Z&sig=XXXXX&sp=racwdlme&spr=https&sr=c&st=2023-12-08T07%3A35%3A23Z&sv=2022-11-02&timeout=901","172.30.68.219","1ff9864d-601f-003f-2b59-7bcf2a000000","1.0","2018-11-09","key2(C7EB2C58AFF162BAB8C642DDC42445616122C84678127329BDAA6E600C2875DC),SasSignature(713EC9C9011617ADF592C8A9895C7714ADDC0794E124933213269819EBA1E377)",,,,,,,,"AzCopy/10.21.2 Azure-Storage/0.1 (go1.19.12; linux)",,"366026ad-c4f4-4a64-6466-88dce574ba12",,blob,,"/stmdpseadevin001/inbound/source_file/mdp/cis/cis_histsegm_20240319.txt",451,,405,,,,"3/21/2024, 1:34:50.287 PM",,,StorageRead,"TLS 1.2",,Success,,,None,,,Azure,StorageBlobLogs,"/subscriptions/84c51a50-9105-40db-8a5a-0af477d05597/resourcegroups/rg-mdp-sea-dev-dp-001/providers/microsoft.storage/storageaccounts/stmdpseadevin001/blobservices/default"
"7aca393a-1a2d-49d5-8289-3195c3c704ba","3/21/2024, 1:34:50.351 PM",stmdpseadevin001,southeastasia,HTTPS,AppendFile,SAS,202,Success,3366,154,"https://stmdpseadevin001.dfs.core.windows.net/inbound/source_file/mdp/cis/cis_org_20240319.txt?action=append&position=41943040&se=2025-12-08T15%3A35%3A23Z&sig=XXXXX&sp=racwdlme&spr=https&sr=c&st=2023-12-08T07%3A35%3A23Z&sv=2022-11-02&timeout=901","172.30.68.219","bf2545d1-701f-0014-5f59-7b6534000000","1.0","2018-11-09","key2(C7EB2C58AFF162BAB8C642DDC42445616122C84678127329BDAA6E600C2875DC),SasSignature(713EC9C9011617ADF592C8A9895C7714ADDC0794E124933213269819EBA1E377)",,,,,,,,"AzCopy/10.21.2 Azure-Storage/0.1 (go1.19.12; linux)",,"09ef3c9e-ce6f-498c-4e65-79a2b149a02d",,blob,,"/stmdpseadevin001/inbound/source_file/mdp/cis/cis_org_20240319.txt",525,8388608,169,,,,"1/1/1601, 6:42:00.000 AM",,8388608,StorageWrite,"TLS 1.2",,Success,,,None,,,Azure,StorageBlobLogs,"/subscriptions/84c51a50-9105-40db-8a5a-0af477d05597/resourcegroups/rg-mdp-sea-dev-dp-001/providers/microsoft.storage/storageaccounts/stmdpseadevin001/blobservices/default"
"7aca393a-1a2d-49d5-8289-3195c3c704ba","3/21/2024, 1:34:50.772 PM",stmdpseadevin001,southeastasia,HTTPS,GetBlobProperties,OAuth,200,Success,27,27,"https://stmdpseadevin001.blob.core.windows.net:443/inbound/source_file/mdp/cis/cis_histsegm_20240319.txt","10.0.0.35:55670","220beb8c-701e-0012-1259-7b83f5000000","1.0","2022-11-02",9DEDCC4EE7293FC013A1CAE7C9CBC99F8BDAC7587D47FAF56182E8D006DCECC3,"5b9c299e-f00d-4a62-ba1a-9ec8329f0417","8e11df9f-4615-434f-a6c6-8a0cb4ffeb6c","43386433-64a6-41a3-aecb-5acbddabc64c","https://storage.azure.com","https://sts.windows.net/8e11df9f-4615-434f-a6c6-8a0cb4ffeb6c/",,"[{""action"":""Microsoft.Storage/storageAccounts/blobServices/containers/blobs/read"",""roleAssignmentId"":""bf3889c5-7a65-c202-def9-ddb77590dc84"",""roleDefinitionId"":""1e7ca9b1-60d1-4db8-a914-f2ca1ff27c40"",""type"":""RBAC"",""principals"":[{""type"":""ServicePrincipal"",""id"":""5b9c299e-f00d-4a62-ba1a-9ec8329f0417""}],""denyAssignmentId"":"""",""result"":""Granted"",""reason"":""Policy""}]","StorageMalwareScanning azsdk-net-Storage.Blobs/12.16.0 (.NET 6.0.22; Microsoft Windows 10.0.20348)",,"0dd2bacf-2331-46eb-a2b7-21e95cc4027a","""0x8DC4971028FAC3A""",blob,,"/stmdpseadevin001/inbound/source_file/mdp/cis/cis_histsegm_20240319.txt",1818,,566,,,,"3/21/2024, 1:34:50.000 PM",,,StorageRead,"TLS 1.2",,Success,,,,None,,Azure,StorageBlobLogs,"/subscriptions/84c51a50-9105-40db-8a5a-0af477d05597/resourcegroups/rg-mdp-sea-dev-dp-001/providers/microsoft.storage/storageaccounts/stmdpseadevin001/blobservices/default"
"7aca393a-1a2d-49d5-8289-3195c3c704ba","3/21/2024, 1:34:51.046 PM",stmdpseadevin001,southeastasia,HTTPS,AppendFile,SAS,202,Success,4080,174,"https://stmdpseadevin001.dfs.core.windows.net/inbound/source_file/mdp/cis/cis_org_20240319.txt?action=append&position=16777216&se=2025-12-08T15%3A35%3A23Z&sig=XXXXX&sp=racwdlme&spr=https&sr=c&st=2023-12-08T07%3A35%3A23Z&sv=2022-11-02&timeout=901","172.30.68.219","8ec8f8f7-a01f-0038-3759-7bd7e6000000","1.0","2018-11-09","key2(C7EB2C58AFF162BAB8C642DDC42445616122C84678127329BDAA6E600C2875DC),SasSignature(713EC9C9011617ADF592C8A9895C7714ADDC0794E124933213269819EBA1E377)",,,,,,,,"AzCopy/10.21.2 Azure-Storage/0.1 (go1.19.12; linux)",,"1429925c-6d5e-4e2e-5e3f-05fbac0b8272",,blob,,"/stmdpseadevin001/inbound/source_file/mdp/cis/cis_org_20240319.txt",525,8388608,169,,,,"1/1/1601, 6:42:00.000 AM",,8388608,StorageWrite,"TLS 1.2",,Success,,,None,,,Azure,StorageBlobLogs,"/subscriptions/84c51a50-9105-40db-8a5a-0af477d05597/resourcegroups/rg-mdp-sea-dev-dp-001/providers/microsoft.storage/storageaccounts/stmdpseadevin001/blobservices/default"
"7aca393a-1a2d-49d5-8289-3195c3c704ba","3/21/2024, 1:34:51.130 PM",stmdpseadevin001,southeastasia,HTTPS,GetBlobProperties,OAuth,200,Success,26,26,"https://stmdpseadevin001.blob.core.windows.net:443/inbound/source_file/mdp/cis/cis_histsegm_20240319.txt?timeout=300","10.40.0.22:62356","f59130c0-001e-006a-3659-7b9901000000","1.0","2019-07-07",9DEDCC4EE7293FC013A1CAE7C9CBC99F8BDAC7587D47FAF56182E8D006DCECC3,"5b9c299e-f00d-4a62-ba1a-9ec8329f0417","8e11df9f-4615-434f-a6c6-8a0cb4ffeb6c","43386433-64a6-41a3-aecb-5acbddabc64c","https://storage.azure.com","https://sts.windows.net/8e11df9f-4615-434f-a6c6-8a0cb4ffeb6c/",,"[{""action"":""Microsoft.Storage/storageAccounts/blobServices/containers/blobs/read"",""roleAssignmentId"":""bf3889c5-7a65-c202-def9-ddb77590dc84"",""roleDefinitionId"":""1e7ca9b1-60d1-4db8-a914-f2ca1ff27c40"",""type"":""RBAC"",""principals"":[{""type"":""ServicePrincipal"",""id"":""5b9c299e-f00d-4a62-ba1a-9ec8329f0417""}],""denyAssignmentId"":"""",""result"":""Granted"",""reason"":""Policy""}]","StorageMalwareScanning DataMovement/2.0.4.0 Azure-Storage/11.2.3 (.NET CLR 4.0.30319.42000; Win32NT 6.2.9200.0)",,"b432eaee-7d6b-4138-9c38-bc48c430bb20","""0x8DC4971028FAC3A""",blob,,"/stmdpseadevin001/inbound/source_file/mdp/cis/cis_histsegm_20240319.txt",1874,,479,,,,"3/21/2024, 1:34:50.000 PM","If-Match=Thursday, 21-Mar-24 06:34:50 GMT",,StorageRead,"TLS 1.2",,Success,,,,None,,Azure,StorageBlobLogs,"/subscriptions/84c51a50-9105-40db-8a5a-0af477d05597/resourcegroups/rg-mdp-sea-dev-dp-001/providers/microsoft.storage/storageaccounts/stmdpseadevin001/blobservices/default"
"7aca393a-1a2d-49d5-8289-3195c3c704ba","3/21/2024, 1:34:51.211 PM",stmdpseadevin001,southeastasia,HTTPS,GetBlob,OAuth,206,Success,64,31,"https://stmdpseadevin001.blob.core.windows.net:443/inbound/source_file/mdp/cis/cis_histsegm_20240319.txt?timeout=300","10.40.0.22:62356","f59130dd-001e-006a-4f59-7b9901000000","1.0","2019-07-07",9DEDCC4EE7293FC013A1CAE7C9CBC99F8BDAC7587D47FAF56182E8D006DCECC3,"5b9c299e-f00d-4a62-ba1a-9ec8329f0417","8e11df9f-4615-434f-a6c6-8a0cb4ffeb6c","43386433-64a6-41a3-aecb-5acbddabc64c","https://storage.azure.com","https://sts.windows.net/8e11df9f-4615-434f-a6c6-8a0cb4ffeb6c/",,"[{""action"":""Microsoft.Storage/storageAccounts/blobServices/containers/blobs/read"",""roleAssignmentId"":""bf3889c5-7a65-c202-def9-ddb77590dc84"",""roleDefinitionId"":""1e7ca9b1-60d1-4db8-a914-f2ca1ff27c40"",""type"":""RBAC"",""principals"":[{""type"":""ServicePrincipal"",""id"":""5b9c299e-f00d-4a62-ba1a-9ec8329f0417""}],""denyAssignmentId"":"""",""result"":""Granted"",""reason"":""Policy""}]","StorageMalwareScanning DataMovement/2.0.4.0 Azure-Storage/11.2.3 (.NET CLR 4.0.30319.42000; Win32NT 6.2.9200.0)",,"d842e51e-0424-4c33-8ef8-bd52b9b1298c","""0x8DC4971028FAC3A""",blob,,"/stmdpseadevin001/inbound/source_file/mdp/cis/cis_histsegm_20240319.txt",1878,,467,4194304,,,"3/21/2024, 1:34:50.000 PM","If-Match=Thursday, 21-Mar-24 06:34:50 GMT",,StorageRead,"TLS 1.2",,Success,,,,None,,Azure,StorageBlobLogs,"/subscriptions/84c51a50-9105-40db-8a5a-0af477d05597/resourcegroups/rg-mdp-sea-dev-dp-001/providers/microsoft.storage/storageaccounts/stmdpseadevin001/blobservices/default"
"7aca393a-1a2d-49d5-8289-3195c3c704ba","3/21/2024, 1:34:51.218 PM",stmdpseadevin001,southeastasia,HTTPS,GetBlob,OAuth,206,Success,64,38,"https://stmdpseadevin001.blob.core.windows.net:443/inbound/source_file/mdp/cis/cis_histsegm_20240319.txt?timeout=300","10.40.0.22:62360","77a991df-a01e-001f-4759-7bb17b000000","1.0","2019-07-07",9DEDCC4EE7293FC013A1CAE7C9CBC99F8BDAC7587D47FAF56182E8D006DCECC3,"5b9c299e-f00d-4a62-ba1a-9ec8329f0417","8e11df9f-4615-434f-a6c6-8a0cb4ffeb6c","43386433-64a6-41a3-aecb-5acbddabc64c","https://storage.azure.com","https://sts.windows.net/8e11df9f-4615-434f-a6c6-8a0cb4ffeb6c/",,"[{""action"":""Microsoft.Storage/storageAccounts/blobServices/containers/blobs/read"",""roleAssignmentId"":""bf3889c5-7a65-c202-def9-ddb77590dc84"",""roleDefinitionId"":""1e7ca9b1-60d1-4db8-a914-f2ca1ff27c40"",""type"":""RBAC"",""principals"":[{""type"":""ServicePrincipal"",""id"":""5b9c299e-f00d-4a62-ba1a-9ec8329f0417""}],""denyAssignmentId"":"""",""result"":""Granted"",""reason"":""Policy""}]","StorageMalwareScanning DataMovement/2.0.4.0 Azure-Storage/11.2.3 (.NET CLR 4.0.30319.42000; Win32NT 6.2.9200.0)",,"a428c017-503e-4939-8806-59d70c514a1a","""0x8DC4971028FAC3A""",blob,,"/stmdpseadevin001/inbound/source_file/mdp/cis/cis_histsegm_20240319.txt",1886,,475,2327652,,,"3/21/2024, 1:34:50.000 PM","If-Match=Thursday, 21-Mar-24 06:34:50 GMT",,StorageRead,"TLS 1.2",,Success,,,,None,,Azure,StorageBlobLogs,"/subscriptions/84c51a50-9105-40db-8a5a-0af477d05597/resourcegroups/rg-mdp-sea-dev-dp-001/providers/microsoft.storage/storageaccounts/stmdpseadevin001/blobservices/default"
"7aca393a-1a2d-49d5-8289-3195c3c704ba","3/21/2024, 1:34:51.235 PM",stmdpseadevin001,southeastasia,HTTPS,GetBlob,OAuth,206,Success,81,41,"https://stmdpseadevin001.blob.core.windows.net:443/inbound/source_file/mdp/cis/cis_histsegm_20240319.txt?timeout=300","10.40.0.22:62359","4f608635-901e-0026-3a59-7ba920000000","1.0","2019-07-07",9DEDCC4EE7293FC013A1CAE7C9CBC99F8BDAC7587D47FAF56182E8D006DCECC3,"5b9c299e-f00d-4a62-ba1a-9ec8329f0417","8e11df9f-4615-434f-a6c6-8a0cb4ffeb6c","43386433-64a6-41a3-aecb-5acbddabc64c","https://storage.azure.com","https://sts.windows.net/8e11df9f-4615-434f-a6c6-8a0cb4ffeb6c/",,"[{""action"":""Microsoft.Storage/storageAccounts/blobServices/containers/blobs/read"",""roleAssignmentId"":""bf3889c5-7a65-c202-def9-ddb77590dc84"",""roleDefinitionId"":""1e7ca9b1-60d1-4db8-a914-f2ca1ff27c40"",""type"":""RBAC"",""principals"":[{""type"":""ServicePrincipal"",""id"":""5b9c299e-f00d-4a62-ba1a-9ec8329f0417""}],""denyAssignmentId"":"""",""result"":""Granted"",""reason"":""Policy""}]","StorageMalwareScanning DataMovement/2.0.4.0 Azure-Storage/11.2.3 (.NET CLR 4.0.30319.42000; Win32NT 6.2.9200.0)",,"7a648595-3692-45b7-a54f-23a1ba9549a1","""0x8DC4971028FAC3A""",blob,,"/stmdpseadevin001/inbound/source_file/mdp/cis/cis_histsegm_20240319.txt",1886,,475,4194304,,,"3/21/2024, 1:34:50.000 PM","If-Match=Thursday, 21-Mar-24 06:34:50 GMT",,StorageRead,"TLS 1.2",,Success,,,,None,,Azure,StorageBlobLogs,"/subscriptions/84c51a50-9105-40db-8a5a-0af477d05597/resourcegroups/rg-mdp-sea-dev-dp-001/providers/microsoft.storage/storageaccounts/stmdpseadevin001/blobservices/default"
"7aca393a-1a2d-49d5-8289-3195c3c704ba","3/21/2024, 1:34:51.236 PM",stmdpseadevin001,southeastasia,HTTPS,GetBlob,OAuth,206,Success,84,38,"https://stmdpseadevin001.blob.core.windows.net:443/inbound/source_file/mdp/cis/cis_histsegm_20240319.txt?timeout=300","10.40.0.22:62358","cb41332e-001e-004d-5459-7bff9c000000","1.0","2019-07-07",9DEDCC4EE7293FC013A1CAE7C9CBC99F8BDAC7587D47FAF56182E8D006DCECC3,"5b9c299e-f00d-4a62-ba1a-9ec8329f0417","8e11df9f-4615-434f-a6c6-8a0cb4ffeb6c","43386433-64a6-41a3-aecb-5acbddabc64c","https://storage.azure.com","https://sts.windows.net/8e11df9f-4615-434f-a6c6-8a0cb4ffeb6c/",,"[{""action"":""Microsoft.Storage/storageAccounts/blobServices/containers/blobs/read"",""roleAssignmentId"":""bf3889c5-7a65-c202-def9-ddb77590dc84"",""roleDefinitionId"":""1e7ca9b1-60d1-4db8-a914-f2ca1ff27c40"",""type"":""RBAC"",""principals"":[{""type"":""ServicePrincipal"",""id"":""5b9c299e-f00d-4a62-ba1a-9ec8329f0417""}],""denyAssignmentId"":"""",""result"":""Granted"",""reason"":""Policy""}]","StorageMalwareScanning DataMovement/2.0.4.0 Azure-Storage/11.2.3 (.NET CLR 4.0.30319.42000; Win32NT 6.2.9200.0)",,"8af6351d-4cf6-4a93-b86d-ae69d5c243fc","""0x8DC4971028FAC3A""",blob,,"/stmdpseadevin001/inbound/source_file/mdp/cis/cis_histsegm_20240319.txt",1885,,474,4194304,,,"3/21/2024, 1:34:50.000 PM","If-Match=Thursday, 21-Mar-24 06:34:50 GMT",,StorageRead,"TLS 1.2",,Success,,,,None,,Azure,StorageBlobLogs,"/subscriptions/84c51a50-9105-40db-8a5a-0af477d05597/resourcegroups/rg-mdp-sea-dev-dp-001/providers/microsoft.storage/storageaccounts/stmdpseadevin001/blobservices/default"
"7aca393a-1a2d-49d5-8289-3195c3c704ba","3/21/2024, 1:34:51.250 PM",stmdpseadevin001,southeastasia,HTTPS,GetBlob,OAuth,206,Success,97,48,"https://stmdpseadevin001.blob.core.windows.net:443/inbound/source_file/mdp/cis/cis_histsegm_20240319.txt?timeout=300","10.40.0.22:62357","8e67f036-501e-0021-2859-7bb1ec000000","1.0","2019-07-07",9DEDCC4EE7293FC013A1CAE7C9CBC99F8BDAC7587D47FAF56182E8D006DCECC3,"5b9c299e-f00d-4a62-ba1a-9ec8329f0417","8e11df9f-4615-434f-a6c6-8a0cb4ffeb6c","43386433-64a6-41a3-aecb-5acbddabc64c","https://storage.azure.com","https://sts.windows.net/8e11df9f-4615-434f-a6c6-8a0cb4ffeb6c/",,"[{""action"":""Microsoft.Storage/storageAccounts/blobServices/containers/blobs/read"",""roleAssignmentId"":""bf3889c5-7a65-c202-def9-ddb77590dc84"",""roleDefinitionId"":""1e7ca9b1-60d1-4db8-a914-f2ca1ff27c40"",""type"":""RBAC"",""principals"":[{""type"":""ServicePrincipal"",""id"":""5b9c299e-f00d-4a62-ba1a-9ec8329f0417""}],""denyAssignmentId"":"""",""result"":""Granted"",""reason"":""Policy""}]","StorageMalwareScanning DataMovement/2.0.4.0 Azure-Storage/11.2.3 (.NET CLR 4.0.30319.42000; Win32NT 6.2.9200.0)",,"7e9eaa49-bfbd-4305-8443-173ac80f0e50","""0x8DC4971028FAC3A""",blob,,"/stmdpseadevin001/inbound/source_file/mdp/cis/cis_histsegm_20240319.txt",1884,,473,4194304,,,"3/21/2024, 1:34:50.000 PM","If-Match=Thursday, 21-Mar-24 06:34:50 GMT",,StorageRead,"TLS 1.2",,Success,,,,None,,Azure,StorageBlobLogs,"/subscriptions/84c51a50-9105-40db-8a5a-0af477d05597/resourcegroups/rg-mdp-sea-dev-dp-001/providers/microsoft.storage/storageaccounts/stmdpseadevin001/blobservices/default"
"7aca393a-1a2d-49d5-8289-3195c3c704ba","3/21/2024, 1:34:52.212 PM",stmdpseadevin001,southeastasia,HTTPS,AppendFile,SAS,202,Success,5240,167,"https://stmdpseadevin001.dfs.core.windows.net/inbound/source_file/mdp/cis/cis_org_20240319.txt?action=append&position=25165824&se=2025-12-08T15%3A35%3A23Z&sig=XXXXX&sp=racwdlme&spr=https&sr=c&st=2023-12-08T07%3A35%3A23Z&sv=2022-11-02&timeout=901","172.30.68.219","b3e8e441-a01f-003e-0159-7b3127000000","1.0","2018-11-09","key2(C7EB2C58AFF162BAB8C642DDC42445616122C84678127329BDAA6E600C2875DC),SasSignature(713EC9C9011617ADF592C8A9895C7714ADDC0794E124933213269819EBA1E377)",,,,,,,,"AzCopy/10.21.2 Azure-Storage/0.1 (go1.19.12; linux)",,"d2735f4d-1354-44cb-64ed-79bbee1f3eaf",,blob,,"/stmdpseadevin001/inbound/source_file/mdp/cis/cis_org_20240319.txt",525,8388608,169,,,,"1/1/1601, 6:42:00.000 AM",,8388608,StorageWrite,"TLS 1.2",,Success,,,None,,,Azure,StorageBlobLogs,"/subscriptions/84c51a50-9105-40db-8a5a-0af477d05597/resourcegroups/rg-mdp-sea-dev-dp-001/providers/microsoft.storage/storageaccounts/stmdpseadevin001/blobservices/default"
"7aca393a-1a2d-49d5-8289-3195c3c704ba","3/21/2024, 1:34:52.325 PM",stmdpseadevin001,southeastasia,HTTPS,AppendFile,SAS,202,Success,5504,151,"https://stmdpseadevin001.dfs.core.windows.net/inbound/source_file/mdp/cis/cis_org_20240319.txt?action=append&position=0&se=2025-12-08T15%3A35%3A23Z&sig=XXXXX&sp=racwdlme&spr=https&sr=c&st=2023-12-08T07%3A35%3A23Z&sv=2022-11-02&timeout=901","172.30.68.219","fa778e35-c01f-004a-6f59-7be750000000","1.0","2018-11-09","key2(C7EB2C58AFF162BAB8C642DDC42445616122C84678127329BDAA6E600C2875DC),SasSignature(713EC9C9011617ADF592C8A9895C7714ADDC0794E124933213269819EBA1E377)",,,,,,,,"AzCopy/10.21.2 Azure-Storage/0.1 (go1.19.12; linux)",,"4c1d3db6-d8f7-497d-7782-214411ac1a0b",,blob,,"/stmdpseadevin001/inbound/source_file/mdp/cis/cis_org_20240319.txt",518,8388608,169,,,,"1/1/1601, 6:42:00.000 AM",,8388608,StorageWrite,"TLS 1.2",,Success,,,None,,,Azure,StorageBlobLogs,"/subscriptions/84c51a50-9105-40db-8a5a-0af477d05597/resourcegroups/rg-mdp-sea-dev-dp-001/providers/microsoft.storage/storageaccounts/stmdpseadevin001/blobservices/default"
"7aca393a-1a2d-49d5-8289-3195c3c704ba","3/21/2024, 1:34:52.393 PM",stmdpseadevin001,southeastasia,HTTPS,FlushFile,SAS,200,Success,39,39,"https://stmdpseadevin001.dfs.core.windows.net/inbound/source_file/mdp/cis/cis_org_20240319.txt?action=flush&close=true&position=68575963&retainUncommittedData=false&se=2025-12-08T15%3A35%3A23Z&sig=XXXXX&sp=racwdlme&spr=https&sr=c&st=2023-12-08T07%3A35%3A23Z&sv=2022-11-02&timeout=901","172.30.68.219","fa778f07-c01f-004a-3659-7be750000000","1.0","2018-11-09","key2(C7EB2C58AFF162BAB8C642DDC42445616122C84678127329BDAA6E600C2875DC),SasSignature(713EC9C9011617ADF592C8A9895C7714ADDC0794E124933213269819EBA1E377)",,,,,,,,"AzCopy/10.21.2 Azure-Storage/0.1 (go1.19.12; linux)",,"052945ed-7dac-4bbc-44bf-c57dd9f35222",,blob,,"/stmdpseadevin001/inbound/source_file/mdp/cis/cis_org_20240319.txt",668,,200,,,,"3/21/2024, 1:34:52.388 PM",,,StorageWrite,"TLS 1.2",,Success,,,None,,,Azure,StorageBlobLogs,"/subscriptions/84c51a50-9105-40db-8a5a-0af477d05597/resourcegroups/rg-mdp-sea-dev-dp-001/providers/microsoft.storage/storageaccounts/stmdpseadevin001/blobservices/default"
"7aca393a-1a2d-49d5-8289-3195c3c704ba","3/21/2024, 1:34:52.428 PM",stmdpseadevin001,southeastasia,HTTPS,GetFileProperties,SAS,200,Success,5,5,"https://stmdpseadevin001.dfs.core.windows.net/inbound/source_file/mdp/cis/cis_org_20240319.txt?se=2025-12-08T15%3A35%3A23Z&sig=XXXXX&sp=racwdlme&spr=https&sr=c&st=2023-12-08T07%3A35%3A23Z&sv=2022-11-02&timeout=901","172.30.68.219","fa778f0b-c01f-004a-3a59-7be750000000","1.0","2018-11-09","key2(C7EB2C58AFF162BAB8C642DDC42445616122C84678127329BDAA6E600C2875DC),SasSignature(713EC9C9011617ADF592C8A9895C7714ADDC0794E124933213269819EBA1E377)",,,,,,,,"AzCopy/10.21.2 Azure-Storage/0.1 (go1.19.12; linux)",,"ce7efc8b-b9cc-436e-6b99-128b6c6ba159",,blob,,"/stmdpseadevin001/inbound/source_file/mdp/cis/cis_org_20240319.txt",446,,405,,,,"3/21/2024, 1:34:52.388 PM",,,StorageRead,"TLS 1.2",,Success,,,None,,,Azure,StorageBlobLogs,"/subscriptions/84c51a50-9105-40db-8a5a-0af477d05597/resourcegroups/rg-mdp-sea-dev-dp-001/providers/microsoft.storage/storageaccounts/stmdpseadevin001/blobservices/default"
"7aca393a-1a2d-49d5-8289-3195c3c704ba","3/21/2024, 1:34:52.887 PM",stmdpseadevin001,southeastasia,HTTPS,GetBlobProperties,OAuth,200,Success,15,15,"https://stmdpseadevin001.blob.core.windows.net:443/inbound/source_file/mdp/cis/cis_org_20240319.txt","10.0.0.15:59122","f5913689-001e-006a-3759-7b9901000000","1.0","2022-11-02",183577FAE30DFB808F09E2B2987055C7C0246F2F09B9956260BD165493D5E55E,"5b9c299e-f00d-4a62-ba1a-9ec8329f0417","8e11df9f-4615-434f-a6c6-8a0cb4ffeb6c","43386433-64a6-41a3-aecb-5acbddabc64c","https://storage.azure.com","https://sts.windows.net/8e11df9f-4615-434f-a6c6-8a0cb4ffeb6c/",,"[{""action"":""Microsoft.Storage/storageAccounts/blobServices/containers/blobs/read"",""roleAssignmentId"":""bf3889c5-7a65-c202-def9-ddb77590dc84"",""roleDefinitionId"":""1e7ca9b1-60d1-4db8-a914-f2ca1ff27c40"",""type"":""RBAC"",""principals"":[{""type"":""ServicePrincipal"",""id"":""5b9c299e-f00d-4a62-ba1a-9ec8329f0417""}],""denyAssignmentId"":"""",""result"":""Granted"",""reason"":""Policy""}]","StorageMalwareScanning azsdk-net-Storage.Blobs/12.16.0 (.NET 6.0.22; Microsoft Windows 10.0.20348)",,"05699a9d-7797-49a8-9451-c906f6f610bf","""0x8DC497103D0651C""",blob,,"/stmdpseadevin001/inbound/source_file/mdp/cis/cis_org_20240319.txt",1813,,566,,,,"3/21/2024, 1:34:52.000 PM",,,StorageRead,"TLS 1.2",,Success,,,,None,,Azure,StorageBlobLogs,"/subscriptions/84c51a50-9105-40db-8a5a-0af477d05597/resourcegroups/rg-mdp-sea-dev-dp-001/providers/microsoft.storage/storageaccounts/stmdpseadevin001/blobservices/default"
"7aca393a-1a2d-49d5-8289-3195c3c704ba","3/21/2024, 1:34:53.723 PM",stmdpseadevin001,southeastasia,HTTPS,GetBlobProperties,OAuth,200,Success,23,23,"https://stmdpseadevin001.blob.core.windows.net:443/inbound/source_file/mdp/cis/cis_org_20240319.txt?timeout=300","10.40.0.28:61522","2e2bfa27-b01e-0032-6059-7bfda4000000","1.0","2019-07-07",183577FAE30DFB808F09E2B2987055C7C0246F2F09B9956260BD165493D5E55E,"5b9c299e-f00d-4a62-ba1a-9ec8329f0417","8e11df9f-4615-434f-a6c6-8a0cb4ffeb6c","43386433-64a6-41a3-aecb-5acbddabc64c","https://storage.azure.com","https://sts.windows.net/8e11df9f-4615-434f-a6c6-8a0cb4ffeb6c/",,"[{""action"":""Microsoft.Storage/storageAccounts/blobServices/containers/blobs/read"",""roleAssignmentId"":""bf3889c5-7a65-c202-def9-ddb77590dc84"",""roleDefinitionId"":""1e7ca9b1-60d1-4db8-a914-f2ca1ff27c40"",""type"":""RBAC"",""principals"":[{""type"":""ServicePrincipal"",""id"":""5b9c299e-f00d-4a62-ba1a-9ec8329f0417""}],""denyAssignmentId"":"""",""result"":""Granted"",""reason"":""Policy""}]","StorageMalwareScanning DataMovement/2.0.4.0 Azure-Storage/11.2.3 (.NET CLR 4.0.30319.42000; Win32NT 6.2.9200.0)",,"bbb5f042-a3a9-4ce1-b00f-3736438860a0","""0x8DC497103D0651C""",blob,,"/stmdpseadevin001/inbound/source_file/mdp/cis/cis_org_20240319.txt",1869,,479,,,,"3/21/2024, 1:34:52.000 PM","If-Match=Thursday, 21-Mar-24 06:34:52 GMT",,StorageRead,"TLS 1.2",,Success,,,,None,,Azure,StorageBlobLogs,"/subscriptions/84c51a50-9105-40db-8a5a-0af477d05597/resourcegroups/rg-mdp-sea-dev-dp-001/providers/microsoft.storage/storageaccounts/stmdpseadevin001/blobservices/default"
"7aca393a-1a2d-49d5-8289-3195c3c704ba","3/21/2024, 1:34:53.834 PM",stmdpseadevin001,southeastasia,HTTPS,GetBlob,OAuth,206,Success,98,35,"https://stmdpseadevin001.blob.core.windows.net:443/inbound/source_file/mdp/cis/cis_org_20240319.txt?timeout=300","10.40.0.28:61522","2e2bfa3b-b01e-0032-6f59-7bfda4000000","1.0","2019-07-07",183577FAE30DFB808F09E2B2987055C7C0246F2F09B9956260BD165493D5E55E,"5b9c299e-f00d-4a62-ba1a-9ec8329f0417","8e11df9f-4615-434f-a6c6-8a0cb4ffeb6c","43386433-64a6-41a3-aecb-5acbddabc64c","https://storage.azure.com","https://sts.windows.net/8e11df9f-4615-434f-a6c6-8a0cb4ffeb6c/",,"[{""action"":""Microsoft.Storage/storageAccounts/blobServices/containers/blobs/read"",""roleAssignmentId"":""bf3889c5-7a65-c202-def9-ddb77590dc84"",""roleDefinitionId"":""1e7ca9b1-60d1-4db8-a914-f2ca1ff27c40"",""type"":""RBAC"",""principals"":[{""type"":""ServicePrincipal"",""id"":""5b9c299e-f00d-4a62-ba1a-9ec8329f0417""}],""denyAssignmentId"":"""",""result"":""Granted"",""reason"":""Policy""}]","StorageMalwareScanning DataMovement/2.0.4.0 Azure-Storage/11.2.3 (.NET CLR 4.0.30319.42000; Win32NT 6.2.9200.0)",,"5db29fd1-8e55-43ff-8522-378c4eeb5902","""0x8DC497103D0651C""",blob,,"/stmdpseadevin001/inbound/source_file/mdp/cis/cis_org_20240319.txt",1873,,467,4194304,,,"3/21/2024, 1:34:52.000 PM","If-Match=Thursday, 21-Mar-24 06:34:52 GMT",,StorageRead,"TLS 1.2",,Success,,,,None,,Azure,StorageBlobLogs,"/subscriptions/84c51a50-9105-40db-8a5a-0af477d05597/resourcegroups/rg-mdp-sea-dev-dp-001/providers/microsoft.storage/storageaccounts/stmdpseadevin001/blobservices/default"
"7aca393a-1a2d-49d5-8289-3195c3c704ba","3/21/2024, 1:34:53.849 PM",stmdpseadevin001,southeastasia,HTTPS,GetBlob,OAuth,206,Success,104,39,"https://stmdpseadevin001.blob.core.windows.net:443/inbound/source_file/mdp/cis/cis_org_20240319.txt?timeout=300","10.40.0.28:61534","ab589487-101e-0002-6559-7b3cdd000000","1.0","2019-07-07",183577FAE30DFB808F09E2B2987055C7C0246F2F09B9956260BD165493D5E55E,"5b9c299e-f00d-4a62-ba1a-9ec8329f0417","8e11df9f-4615-434f-a6c6-8a0cb4ffeb6c","43386433-64a6-41a3-aecb-5acbddabc64c","https://storage.azure.com","https://sts.windows.net/8e11df9f-4615-434f-a6c6-8a0cb4ffeb6c/",,"[{""action"":""Microsoft.Storage/storageAccounts/blobServices/containers/blobs/read"",""roleAssignmentId"":""bf3889c5-7a65-c202-def9-ddb77590dc84"",""roleDefinitionId"":""1e7ca9b1-60d1-4db8-a914-f2ca1ff27c40"",""type"":""RBAC"",""principals"":[{""type"":""ServicePrincipal"",""id"":""5b9c299e-f00d-4a62-ba1a-9ec8329f0417""}],""denyAssignmentId"":"""",""result"":""Granted"",""reason"":""Policy""}]","StorageMalwareScanning DataMovement/2.0.4.0 Azure-Storage/11.2.3 (.NET CLR 4.0.30319.42000; Win32NT 6.2.9200.0)",,"d03960da-86ab-4083-a8f1-f0cbfc7e3e51","""0x8DC497103D0651C""",blob,,"/stmdpseadevin001/inbound/source_file/mdp/cis/cis_org_20240319.txt",1881,,475,4194304,,,"3/21/2024, 1:34:52.000 PM","If-Match=Thursday, 21-Mar-24 06:34:52 GMT",,StorageRead,"TLS 1.2",,Success,,,,None,,Azure,StorageBlobLogs,"/subscriptions/84c51a50-9105-40db-8a5a-0af477d05597/resourcegroups/rg-mdp-sea-dev-dp-001/providers/microsoft.storage/storageaccounts/stmdpseadevin001/blobservices/default"
"7aca393a-1a2d-49d5-8289-3195c3c704ba","3/21/2024, 1:34:53.849 PM",stmdpseadevin001,southeastasia,HTTPS,GetBlob,OAuth,206,Success,100,87,"https://stmdpseadevin001.blob.core.windows.net:443/inbound/source_file/mdp/cis/cis_org_20240319.txt?timeout=300","10.40.0.28:61537","14d96d48-801e-006f-2c59-7b8ca0000000","1.0","2019-07-07",183577FAE30DFB808F09E2B2987055C7C0246F2F09B9956260BD165493D5E55E,"5b9c299e-f00d-4a62-ba1a-9ec8329f0417","8e11df9f-4615-434f-a6c6-8a0cb4ffeb6c","43386433-64a6-41a3-aecb-5acbddabc64c","https://storage.azure.com","https://sts.windows.net/8e11df9f-4615-434f-a6c6-8a0cb4ffeb6c/",,"[{""action"":""Microsoft.Storage/storageAccounts/blobServices/containers/blobs/read"",""roleAssignmentId"":""bf3889c5-7a65-c202-def9-ddb77590dc84"",""roleDefinitionId"":""1e7ca9b1-60d1-4db8-a914-f2ca1ff27c40"",""type"":""RBAC"",""principals"":[{""type"":""ServicePrincipal"",""id"":""5b9c299e-f00d-4a62-ba1a-9ec8329f0417""}],""denyAssignmentId"":"""",""result"":""Granted"",""reason"":""Policy""}]","StorageMalwareScanning DataMovement/2.0.4.0 Azure-Storage/11.2.3 (.NET CLR 4.0.30319.42000; Win32NT 6.2.9200.0)",,"cb0cd871-eaef-414d-a2ea-aef3b6cadab9","""0x8DC497103D0651C""",blob,,"/stmdpseadevin001/inbound/source_file/mdp/cis/cis_org_20240319.txt",1881,,475,1467099,,,"3/21/2024, 1:34:52.000 PM","If-Match=Thursday, 21-Mar-24 06:34:52 GMT",,StorageRead,"TLS 1.2",,Success,,,,None,,Azure,StorageBlobLogs,"/subscriptions/84c51a50-9105-40db-8a5a-0af477d05597/resourcegroups/rg-mdp-sea-dev-dp-001/providers/microsoft.storage/storageaccounts/stmdpseadevin001/blobservices/default"
"7aca393a-1a2d-49d5-8289-3195c3c704ba","3/21/2024, 1:34:53.854 PM",stmdpseadevin001,southeastasia,HTTPS,GetBlob,OAuth,206,Success,105,38,"https://stmdpseadevin001.blob.core.windows.net:443/inbound/source_file/mdp/cis/cis_org_20240319.txt?timeout=300","10.40.0.28:61536","6511f31d-e01e-0058-7f59-7b5515000000","1.0","2019-07-07",183577FAE30DFB808F09E2B2987055C7C0246F2F09B9956260BD165493D5E55E,"5b9c299e-f00d-4a62-ba1a-9ec8329f0417","8e11df9f-4615-434f-a6c6-8a0cb4ffeb6c","43386433-64a6-41a3-aecb-5acbddabc64c","https://storage.azure.com","https://sts.windows.net/8e11df9f-4615-434f-a6c6-8a0cb4ffeb6c/",,"[{""action"":""Microsoft.Storage/storageAccounts/blobServices/containers/blobs/read"",""roleAssignmentId"":""bf3889c5-7a65-c202-def9-ddb77590dc84"",""roleDefinitionId"":""1e7ca9b1-60d1-4db8-a914-f2ca1ff27c40"",""type"":""RBAC"",""principals"":[{""type"":""ServicePrincipal"",""id"":""5b9c299e-f00d-4a62-ba1a-9ec8329f0417""}],""denyAssignmentId"":"""",""result"":""Granted"",""reason"":""Policy""}]","StorageMalwareScanning DataMovement/2.0.4.0 Azure-Storage/11.2.3 (.NET CLR 4.0.30319.42000; Win32NT 6.2.9200.0)",,"79f326bf-7b19-49ce-a763-e5080c409e55","""0x8DC497103D0651C""",blob,,"/stmdpseadevin001/inbound/source_file/mdp/cis/cis_org_20240319.txt",1881,,475,4194304,,,"3/21/2024, 1:34:52.000 PM","If-Match=Thursday, 21-Mar-24 06:34:52 GMT",,StorageRead,"TLS 1.2",,Success,,,,None,,Azure,StorageBlobLogs,"/subscriptions/84c51a50-9105-40db-8a5a-0af477d05597/resourcegroups/rg-mdp-sea-dev-dp-001/providers/microsoft.storage/storageaccounts/stmdpseadevin001/blobservices/default"
"7aca393a-1a2d-49d5-8289-3195c3c704ba","3/21/2024, 1:34:53.859 PM",stmdpseadevin001,southeastasia,HTTPS,GetBlob,OAuth,206,Success,114,45,"https://stmdpseadevin001.blob.core.windows.net:443/inbound/source_file/mdp/cis/cis_org_20240319.txt?timeout=300","10.40.0.28:61525","194e73ce-d01e-0061-3a59-7b4d4e000000","1.0","2019-07-07",183577FAE30DFB808F09E2B2987055C7C0246F2F09B9956260BD165493D5E55E,"5b9c299e-f00d-4a62-ba1a-9ec8329f0417","8e11df9f-4615-434f-a6c6-8a0cb4ffeb6c","43386433-64a6-41a3-aecb-5acbddabc64c","https://storage.azure.com","https://sts.windows.net/8e11df9f-4615-434f-a6c6-8a0cb4ffeb6c/",,"[{""action"":""Microsoft.Storage/storageAccounts/blobServices/containers/blobs/read"",""roleAssignmentId"":""bf3889c5-7a65-c202-def9-ddb77590dc84"",""roleDefinitionId"":""1e7ca9b1-60d1-4db8-a914-f2ca1ff27c40"",""type"":""RBAC"",""principals"":[{""type"":""ServicePrincipal"",""id"":""5b9c299e-f00d-4a62-ba1a-9ec8329f0417""}],""denyAssignmentId"":"""",""result"":""Granted"",""reason"":""Policy""}]","StorageMalwareScanning DataMovement/2.0.4.0 Azure-Storage/11.2.3 (.NET CLR 4.0.30319.42000; Win32NT 6.2.9200.0)",,"c348e678-ae95-43ee-a556-2bfe796ab487","""0x8DC497103D0651C""",blob,,"/stmdpseadevin001/inbound/source_file/mdp/cis/cis_org_20240319.txt",1881,,475,4194304,,,"3/21/2024, 1:34:52.000 PM","If-Match=Thursday, 21-Mar-24 06:34:52 GMT",,StorageRead,"TLS 1.2",,Success,,,,None,,Azure,StorageBlobLogs,"/subscriptions/84c51a50-9105-40db-8a5a-0af477d05597/resourcegroups/rg-mdp-sea-dev-dp-001/providers/microsoft.storage/storageaccounts/stmdpseadevin001/blobservices/default"
"7aca393a-1a2d-49d5-8289-3195c3c704ba","3/21/2024, 1:34:53.859 PM",stmdpseadevin001,southeastasia,HTTPS,GetBlob,OAuth,206,Success,114,68,"https://stmdpseadevin001.blob.core.windows.net:443/inbound/source_file/mdp/cis/cis_org_20240319.txt?timeout=300","10.40.0.28:61527","34665aac-801e-000d-7659-7b033e000000","1.0","2019-07-07",183577FAE30DFB808F09E2B2987055C7C0246F2F09B9956260BD165493D5E55E,"5b9c299e-f00d-4a62-ba1a-9ec8329f0417","8e11df9f-4615-434f-a6c6-8a0cb4ffeb6c","43386433-64a6-41a3-aecb-5acbddabc64c","https://storage.azure.com","https://sts.windows.net/8e11df9f-4615-434f-a6c6-8a0cb4ffeb6c/",,"[{""action"":""Microsoft.Storage/storageAccounts/blobServices/containers/blobs/read"",""roleAssignmentId"":""bf3889c5-7a65-c202-def9-ddb77590dc84"",""roleDefinitionId"":""1e7ca9b1-60d1-4db8-a914-f2ca1ff27c40"",""type"":""RBAC"",""principals"":[{""type"":""ServicePrincipal"",""id"":""5b9c299e-f00d-4a62-ba1a-9ec8329f0417""}],""denyAssignmentId"":"""",""result"":""Granted"",""reason"":""Policy""}]","StorageMalwareScanning DataMovement/2.0.4.0 Azure-Storage/11.2.3 (.NET CLR 4.0.30319.42000; Win32NT 6.2.9200.0)",,"a8394229-944c-4564-bdd7-0b2982762d11","""0x8DC497103D0651C""",blob,,"/stmdpseadevin001/inbound/source_file/mdp/cis/cis_org_20240319.txt",1881,,475,4194304,,,"3/21/2024, 1:34:52.000 PM","If-Match=Thursday, 21-Mar-24 06:34:52 GMT",,StorageRead,"TLS 1.2",,Success,,,,None,,Azure,StorageBlobLogs,"/subscriptions/84c51a50-9105-40db-8a5a-0af477d05597/resourcegroups/rg-mdp-sea-dev-dp-001/providers/microsoft.storage/storageaccounts/stmdpseadevin001/blobservices/default"
"7aca393a-1a2d-49d5-8289-3195c3c704ba","3/21/2024, 1:34:53.860 PM",stmdpseadevin001,southeastasia,HTTPS,GetBlob,OAuth,206,Success,113,59,"https://stmdpseadevin001.blob.core.windows.net:443/inbound/source_file/mdp/cis/cis_org_20240319.txt?timeout=300","10.40.0.28:61523","4fb1e035-801e-004e-1f59-7b0cfc000000","1.0","2019-07-07",183577FAE30DFB808F09E2B2987055C7C0246F2F09B9956260BD165493D5E55E,"5b9c299e-f00d-4a62-ba1a-9ec8329f0417","8e11df9f-4615-434f-a6c6-8a0cb4ffeb6c","43386433-64a6-41a3-aecb-5acbddabc64c","https://storage.azure.com","https://sts.windows.net/8e11df9f-4615-434f-a6c6-8a0cb4ffeb6c/",,"[{""action"":""Microsoft.Storage/storageAccounts/blobServices/containers/blobs/read"",""roleAssignmentId"":""bf3889c5-7a65-c202-def9-ddb77590dc84"",""roleDefinitionId"":""1e7ca9b1-60d1-4db8-a914-f2ca1ff27c40"",""type"":""RBAC"",""principals"":[{""type"":""ServicePrincipal"",""id"":""5b9c299e-f00d-4a62-ba1a-9ec8329f0417""}],""denyAssignmentId"":"""",""result"":""Granted"",""reason"":""Policy""}]","StorageMalwareScanning DataMovement/2.0.4.0 Azure-Storage/11.2.3 (.NET CLR 4.0.30319.42000; Win32NT 6.2.9200.0)",,"d351e730-116c-46a8-8fbd-48392c59f9fd","""0x8DC497103D0651C""",blob,,"/stmdpseadevin001/inbound/source_file/mdp/cis/cis_org_20240319.txt",1880,,474,4194304,,,"3/21/2024, 1:34:52.000 PM","If-Match=Thursday, 21-Mar-24 06:34:52 GMT",,StorageRead,"TLS 1.2",,Success,,,,None,,Azure,StorageBlobLogs,"/subscriptions/84c51a50-9105-40db-8a5a-0af477d05597/resourcegroups/rg-mdp-sea-dev-dp-001/providers/microsoft.storage/storageaccounts/stmdpseadevin001/blobservices/default"
"7aca393a-1a2d-49d5-8289-3195c3c704ba","3/21/2024, 1:34:53.860 PM",stmdpseadevin001,southeastasia,HTTPS,GetBlob,OAuth,206,Success,113,56,"https://stmdpseadevin001.blob.core.windows.net:443/inbound/source_file/mdp/cis/cis_org_20240319.txt?timeout=300","10.40.0.28:61533","0652eb4e-f01e-0036-4259-7b1608000000","1.0","2019-07-07",183577FAE30DFB808F09E2B2987055C7C0246F2F09B9956260BD165493D5E55E,"5b9c299e-f00d-4a62-ba1a-9ec8329f0417","8e11df9f-4615-434f-a6c6-8a0cb4ffeb6c","43386433-64a6-41a3-aecb-5acbddabc64c","https://storage.azure.com","https://sts.windows.net/8e11df9f-4615-434f-a6c6-8a0cb4ffeb6c/",,"[{""action"":""Microsoft.Storage/storageAccounts/blobServices/containers/blobs/read"",""roleAssignmentId"":""bf3889c5-7a65-c202-def9-ddb77590dc84"",""roleDefinitionId"":""1e7ca9b1-60d1-4db8-a914-f2ca1ff27c40"",""type"":""RBAC"",""principals"":[{""type"":""ServicePrincipal"",""id"":""5b9c299e-f00d-4a62-ba1a-9ec8329f0417""}],""denyAssignmentId"":"""",""result"":""Granted"",""reason"":""Policy""}]","StorageMalwareScanning DataMovement/2.0.4.0 Azure-Storage/11.2.3 (.NET CLR 4.0.30319.42000; Win32NT 6.2.9200.0)",,"e55daec1-a7d8-4e0f-b402-6286d6d7db84","""0x8DC497103D0651C""",blob,,"/stmdpseadevin001/inbound/source_file/mdp/cis/cis_org_20240319.txt",1881,,475,4194304,,,"3/21/2024, 1:34:52.000 PM","If-Match=Thursday, 21-Mar-24 06:34:52 GMT",,StorageRead,"TLS 1.2",,Success,,,,None,,Azure,StorageBlobLogs,"/subscriptions/84c51a50-9105-40db-8a5a-0af477d05597/resourcegroups/rg-mdp-sea-dev-dp-001/providers/microsoft.storage/storageaccounts/stmdpseadevin001/blobservices/default"
"7aca393a-1a2d-49d5-8289-3195c3c704ba","3/21/2024, 1:34:53.863 PM",stmdpseadevin001,southeastasia,HTTPS,GetBlob,OAuth,206,Success,113,51,"https://stmdpseadevin001.blob.core.windows.net:443/inbound/source_file/mdp/cis/cis_org_20240319.txt?timeout=300","10.40.0.28:61531","bcdc2eed-f01e-0073-5659-7bff0b000000","1.0","2019-07-07",183577FAE30DFB808F09E2B2987055C7C0246F2F09B9956260BD165493D5E55E,"5b9c299e-f00d-4a62-ba1a-9ec8329f0417","8e11df9f-4615-434f-a6c6-8a0cb4ffeb6c","43386433-64a6-41a3-aecb-5acbddabc64c","https://storage.azure.com","https://sts.windows.net/8e11df9f-4615-434f-a6c6-8a0cb4ffeb6c/",,"[{""action"":""Microsoft.Storage/storageAccounts/blobServices/containers/blobs/read"",""roleAssignmentId"":""bf3889c5-7a65-c202-def9-ddb77590dc84"",""roleDefinitionId"":""1e7ca9b1-60d1-4db8-a914-f2ca1ff27c40"",""type"":""RBAC"",""principals"":[{""type"":""ServicePrincipal"",""id"":""5b9c299e-f00d-4a62-ba1a-9ec8329f0417""}],""denyAssignmentId"":"""",""result"":""Granted"",""reason"":""Policy""}]","StorageMalwareScanning DataMovement/2.0.4.0 Azure-Storage/11.2.3 (.NET CLR 4.0.30319.42000; Win32NT 6.2.9200.0)",,"2c09e702-1921-4ebb-934c-7803c6d20317","""0x8DC497103D0651C""",blob,,"/stmdpseadevin001/inbound/source_file/mdp/cis/cis_org_20240319.txt",1881,,475,4194304,,,"3/21/2024, 1:34:52.000 PM","If-Match=Thursday, 21-Mar-24 06:34:52 GMT",,StorageRead,"TLS 1.2",,Success,,,,None,,Azure,StorageBlobLogs,"/subscriptions/84c51a50-9105-40db-8a5a-0af477d05597/resourcegroups/rg-mdp-sea-dev-dp-001/providers/microsoft.storage/storageaccounts/stmdpseadevin001/blobservices/default"
"7aca393a-1a2d-49d5-8289-3195c3c704ba","3/21/2024, 1:34:53.863 PM",stmdpseadevin001,southeastasia,HTTPS,GetBlob,OAuth,206,Success,115,51,"https://stmdpseadevin001.blob.core.windows.net:443/inbound/source_file/mdp/cis/cis_org_20240319.txt?timeout=300","10.40.0.28:61532","2d7dd836-101e-0060-4c59-7bb343000000","1.0","2019-07-07",183577FAE30DFB808F09E2B2987055C7C0246F2F09B9956260BD165493D5E55E,"5b9c299e-f00d-4a62-ba1a-9ec8329f0417","8e11df9f-4615-434f-a6c6-8a0cb4ffeb6c","43386433-64a6-41a3-aecb-5acbddabc64c","https://storage.azure.com","https://sts.windows.net/8e11df9f-4615-434f-a6c6-8a0cb4ffeb6c/",,"[{""action"":""Microsoft.Storage/storageAccounts/blobServices/containers/blobs/read"",""roleAssignmentId"":""bf3889c5-7a65-c202-def9-ddb77590dc84"",""roleDefinitionId"":""1e7ca9b1-60d1-4db8-a914-f2ca1ff27c40"",""type"":""RBAC"",""principals"":[{""type"":""ServicePrincipal"",""id"":""5b9c299e-f00d-4a62-ba1a-9ec8329f0417""}],""denyAssignmentId"":"""",""result"":""Granted"",""reason"":""Policy""}]","StorageMalwareScanning DataMovement/2.0.4.0 Azure-Storage/11.2.3 (.NET CLR 4.0.30319.42000; Win32NT 6.2.9200.0)",,"f1ce350a-1eeb-4a84-89f8-1a9e15bceba8","""0x8DC497103D0651C""",blob,,"/stmdpseadevin001/inbound/source_file/mdp/cis/cis_org_20240319.txt",1881,,475,4194304,,,"3/21/2024, 1:34:52.000 PM","If-Match=Thursday, 21-Mar-24 06:34:52 GMT",,StorageRead,"TLS 1.2",,Success,,,,None,,Azure,StorageBlobLogs,"/subscriptions/84c51a50-9105-40db-8a5a-0af477d05597/resourcegroups/rg-mdp-sea-dev-dp-001/providers/microsoft.storage/storageaccounts/stmdpseadevin001/blobservices/default"
"7aca393a-1a2d-49d5-8289-3195c3c704ba","3/21/2024, 1:34:53.864 PM",stmdpseadevin001,southeastasia,HTTPS,GetBlob,OAuth,206,Success,119,53,"https://stmdpseadevin001.blob.core.windows.net:443/inbound/source_file/mdp/cis/cis_org_20240319.txt?timeout=300","10.40.0.28:61529","8ee81c2d-501e-0027-5559-7b572d000000","1.0","2019-07-07",183577FAE30DFB808F09E2B2987055C7C0246F2F09B9956260BD165493D5E55E,"5b9c299e-f00d-4a62-ba1a-9ec8329f0417","8e11df9f-4615-434f-a6c6-8a0cb4ffeb6c","43386433-64a6-41a3-aecb-5acbddabc64c","https://storage.azure.com","https://sts.windows.net/8e11df9f-4615-434f-a6c6-8a0cb4ffeb6c/",,"[{""action"":""Microsoft.Storage/storageAccounts/blobServices/containers/blobs/read"",""roleAssignmentId"":""bf3889c5-7a65-c202-def9-ddb77590dc84"",""roleDefinitionId"":""1e7ca9b1-60d1-4db8-a914-f2ca1ff27c40"",""type"":""RBAC"",""principals"":[{""type"":""ServicePrincipal"",""id"":""5b9c299e-f00d-4a62-ba1a-9ec8329f0417""}],""denyAssignmentId"":"""",""result"":""Granted"",""reason"":""Policy""}]","StorageMalwareScanning DataMovement/2.0.4.0 Azure-Storage/11.2.3 (.NET CLR 4.0.30319.42000; Win32NT 6.2.9200.0)",,"d4e799ab-f1f1-43ac-b76d-36bd6219dfd7","""0x8DC497103D0651C""",blob,,"/stmdpseadevin001/inbound/source_file/mdp/cis/cis_org_20240319.txt",1881,,475,4194304,,,"3/21/2024, 1:34:52.000 PM","If-Match=Thursday, 21-Mar-24 06:34:52 GMT",,StorageRead,"TLS 1.2",,Success,,,,None,,Azure,StorageBlobLogs,"/subscriptions/84c51a50-9105-40db-8a5a-0af477d05597/resourcegroups/rg-mdp-sea-dev-dp-001/providers/microsoft.storage/storageaccounts/stmdpseadevin001/blobservices/default"
"7aca393a-1a2d-49d5-8289-3195c3c704ba","3/21/2024, 1:34:53.864 PM",stmdpseadevin001,southeastasia,HTTPS,GetBlob,OAuth,206,Success,120,48,"https://stmdpseadevin001.blob.core.windows.net:443/inbound/source_file/mdp/cis/cis_org_20240319.txt?timeout=300","10.40.0.28:61538","57e88314-001e-002f-6f59-7b7002000000","1.0","2019-07-07",183577FAE30DFB808F09E2B2987055C7C0246F2F09B9956260BD165493D5E55E,"5b9c299e-f00d-4a62-ba1a-9ec8329f0417","8e11df9f-4615-434f-a6c6-8a0cb4ffeb6c","43386433-64a6-41a3-aecb-5acbddabc64c","https://storage.azure.com","https://sts.windows.net/8e11df9f-4615-434f-a6c6-8a0cb4ffeb6c/",,"[{""action"":""Microsoft.Storage/storageAccounts/blobServices/containers/blobs/read"",""roleAssignmentId"":""bf3889c5-7a65-c202-def9-ddb77590dc84"",""roleDefinitionId"":""1e7ca9b1-60d1-4db8-a914-f2ca1ff27c40"",""type"":""RBAC"",""principals"":[{""type"":""ServicePrincipal"",""id"":""5b9c299e-f00d-4a62-ba1a-9ec8329f0417""}],""denyAssignmentId"":"""",""result"":""Granted"",""reason"":""Policy""}]","StorageMalwareScanning DataMovement/2.0.4.0 Azure-Storage/11.2.3 (.NET CLR 4.0.30319.42000; Win32NT 6.2.9200.0)",,"768e7c3e-6836-4f28-99fb-c0210080c527","""0x8DC497103D0651C""",blob,,"/stmdpseadevin001/inbound/source_file/mdp/cis/cis_org_20240319.txt",1881,,475,4194304,,,"3/21/2024, 1:34:52.000 PM","If-Match=Thursday, 21-Mar-24 06:34:52 GMT",,StorageRead,"TLS 1.2",,Success,,,,None,,Azure,StorageBlobLogs,"/subscriptions/84c51a50-9105-40db-8a5a-0af477d05597/resourcegroups/rg-mdp-sea-dev-dp-001/providers/microsoft.storage/storageaccounts/stmdpseadevin001/blobservices/default"
"7aca393a-1a2d-49d5-8289-3195c3c704ba","3/21/2024, 1:34:53.864 PM",stmdpseadevin001,southeastasia,HTTPS,GetBlob,OAuth,206,Success,116,53,"https://stmdpseadevin001.blob.core.windows.net:443/inbound/source_file/mdp/cis/cis_org_20240319.txt?timeout=300","10.40.0.28:61530","862e9f93-b01e-0071-2a59-7bf266000000","1.0","2019-07-07",183577FAE30DFB808F09E2B2987055C7C0246F2F09B9956260BD165493D5E55E,"5b9c299e-f00d-4a62-ba1a-9ec8329f0417","8e11df9f-4615-434f-a6c6-8a0cb4ffeb6c","43386433-64a6-41a3-aecb-5acbddabc64c","https://storage.azure.com","https://sts.windows.net/8e11df9f-4615-434f-a6c6-8a0cb4ffeb6c/",,"[{""action"":""Microsoft.Storage/storageAccounts/blobServices/containers/blobs/read"",""roleAssignmentId"":""bf3889c5-7a65-c202-def9-ddb77590dc84"",""roleDefinitionId"":""1e7ca9b1-60d1-4db8-a914-f2ca1ff27c40"",""type"":""RBAC"",""principals"":[{""type"":""ServicePrincipal"",""id"":""5b9c299e-f00d-4a62-ba1a-9ec8329f0417""}],""denyAssignmentId"":"""",""result"":""Granted"",""reason"":""Policy""}]","StorageMalwareScanning DataMovement/2.0.4.0 Azure-Storage/11.2.3 (.NET CLR 4.0.30319.42000; Win32NT 6.2.9200.0)",,"8ce43a1e-d615-4f42-92c7-70ae3d23610b","""0x8DC497103D0651C""",blob,,"/stmdpseadevin001/inbound/source_file/mdp/cis/cis_org_20240319.txt",1881,,475,4194304,,,"3/21/2024, 1:34:52.000 PM","If-Match=Thursday, 21-Mar-24 06:34:52 GMT",,StorageRead,"TLS 1.2",,Success,,,,None,,Azure,StorageBlobLogs,"/subscriptions/84c51a50-9105-40db-8a5a-0af477d05597/resourcegroups/rg-mdp-sea-dev-dp-001/providers/microsoft.storage/storageaccounts/stmdpseadevin001/blobservices/default"
"7aca393a-1a2d-49d5-8289-3195c3c704ba","3/21/2024, 1:34:53.865 PM",stmdpseadevin001,southeastasia,HTTPS,GetBlob,OAuth,206,Success,117,51,"https://stmdpseadevin001.blob.core.windows.net:443/inbound/source_file/mdp/cis/cis_org_20240319.txt?timeout=300","10.40.0.28:61535","2468fe00-e01e-003c-4a59-7b3c4a000000","1.0","2019-07-07",183577FAE30DFB808F09E2B2987055C7C0246F2F09B9956260BD165493D5E55E,"5b9c299e-f00d-4a62-ba1a-9ec8329f0417","8e11df9f-4615-434f-a6c6-8a0cb4ffeb6c","43386433-64a6-41a3-aecb-5acbddabc64c","https://storage.azure.com","https://sts.windows.net/8e11df9f-4615-434f-a6c6-8a0cb4ffeb6c/",,"[{""action"":""Microsoft.Storage/storageAccounts/blobServices/containers/blobs/read"",""roleAssignmentId"":""bf3889c5-7a65-c202-def9-ddb77590dc84"",""roleDefinitionId"":""1e7ca9b1-60d1-4db8-a914-f2ca1ff27c40"",""type"":""RBAC"",""principals"":[{""type"":""ServicePrincipal"",""id"":""5b9c299e-f00d-4a62-ba1a-9ec8329f0417""}],""denyAssignmentId"":"""",""result"":""Granted"",""reason"":""Policy""}]","StorageMalwareScanning DataMovement/2.0.4.0 Azure-Storage/11.2.3 (.NET CLR 4.0.30319.42000; Win32NT 6.2.9200.0)",,"7d38bfd7-6ea1-4f9b-879c-0b0a2d0fd3d6","""0x8DC497103D0651C""",blob,,"/stmdpseadevin001/inbound/source_file/mdp/cis/cis_org_20240319.txt",1881,,475,4194304,,,"3/21/2024, 1:34:52.000 PM","If-Match=Thursday, 21-Mar-24 06:34:52 GMT",,StorageRead,"TLS 1.2",,Success,,,,None,,Azure,StorageBlobLogs,"/subscriptions/84c51a50-9105-40db-8a5a-0af477d05597/resourcegroups/rg-mdp-sea-dev-dp-001/providers/microsoft.storage/storageaccounts/stmdpseadevin001/blobservices/default"
"7aca393a-1a2d-49d5-8289-3195c3c704ba","3/21/2024, 1:34:53.866 PM",stmdpseadevin001,southeastasia,HTTPS,GetBlob,OAuth,206,Success,121,66,"https://stmdpseadevin001.blob.core.windows.net:443/inbound/source_file/mdp/cis/cis_org_20240319.txt?timeout=300","10.40.0.28:61526","516425e8-301e-0055-2f59-7b679b000000","1.0","2019-07-07",183577FAE30DFB808F09E2B2987055C7C0246F2F09B9956260BD165493D5E55E,"5b9c299e-f00d-4a62-ba1a-9ec8329f0417","8e11df9f-4615-434f-a6c6-8a0cb4ffeb6c","43386433-64a6-41a3-aecb-5acbddabc64c","https://storage.azure.com","https://sts.windows.net/8e11df9f-4615-434f-a6c6-8a0cb4ffeb6c/",,"[{""action"":""Microsoft.Storage/storageAccounts/blobServices/containers/blobs/read"",""roleAssignmentId"":""bf3889c5-7a65-c202-def9-ddb77590dc84"",""roleDefinitionId"":""1e7ca9b1-60d1-4db8-a914-f2ca1ff27c40"",""type"":""RBAC"",""principals"":[{""type"":""ServicePrincipal"",""id"":""5b9c299e-f00d-4a62-ba1a-9ec8329f0417""}],""denyAssignmentId"":"""",""result"":""Granted"",""reason"":""Policy""}]","StorageMalwareScanning DataMovement/2.0.4.0 Azure-Storage/11.2.3 (.NET CLR 4.0.30319.42000; Win32NT 6.2.9200.0)",,"af67b47b-c74c-4c20-a1d3-add90d9affc0","""0x8DC497103D0651C""",blob,,"/stmdpseadevin001/inbound/source_file/mdp/cis/cis_org_20240319.txt",1881,,475,4194304,,,"3/21/2024, 1:34:52.000 PM","If-Match=Thursday, 21-Mar-24 06:34:52 GMT",,StorageRead,"TLS 1.2",,Success,,,,None,,Azure,StorageBlobLogs,"/subscriptions/84c51a50-9105-40db-8a5a-0af477d05597/resourcegroups/rg-mdp-sea-dev-dp-001/providers/microsoft.storage/storageaccounts/stmdpseadevin001/blobservices/default"
"7aca393a-1a2d-49d5-8289-3195c3c704ba","3/21/2024, 1:34:53.871 PM",stmdpseadevin001,southeastasia,HTTPS,GetBlob,OAuth,206,Success,125,47,"https://stmdpseadevin001.blob.core.windows.net:443/inbound/source_file/mdp/cis/cis_org_20240319.txt?timeout=300","10.40.0.28:61524","72e0a1ba-c01e-006d-0859-7b81cd000000","1.0","2019-07-07",183577FAE30DFB808F09E2B2987055C7C0246F2F09B9956260BD165493D5E55E,"5b9c299e-f00d-4a62-ba1a-9ec8329f0417","8e11df9f-4615-434f-a6c6-8a0cb4ffeb6c","43386433-64a6-41a3-aecb-5acbddabc64c","https://storage.azure.com","https://sts.windows.net/8e11df9f-4615-434f-a6c6-8a0cb4ffeb6c/",,"[{""action"":""Microsoft.Storage/storageAccounts/blobServices/containers/blobs/read"",""roleAssignmentId"":""bf3889c5-7a65-c202-def9-ddb77590dc84"",""roleDefinitionId"":""1e7ca9b1-60d1-4db8-a914-f2ca1ff27c40"",""type"":""RBAC"",""principals"":[{""type"":""ServicePrincipal"",""id"":""5b9c299e-f00d-4a62-ba1a-9ec8329f0417""}],""denyAssignmentId"":"""",""result"":""Granted"",""reason"":""Policy""}]","StorageMalwareScanning DataMovement/2.0.4.0 Azure-Storage/11.2.3 (.NET CLR 4.0.30319.42000; Win32NT 6.2.9200.0)",,"e266c936-a630-487a-a051-8ffca2d68e17","""0x8DC497103D0651C""",blob,,"/stmdpseadevin001/inbound/source_file/mdp/cis/cis_org_20240319.txt",1879,,473,4194304,,,"3/21/2024, 1:34:52.000 PM","If-Match=Thursday, 21-Mar-24 06:34:52 GMT",,StorageRead,"TLS 1.2",,Success,,,,None,,Azure,StorageBlobLogs,"/subscriptions/84c51a50-9105-40db-8a5a-0af477d05597/resourcegroups/rg-mdp-sea-dev-dp-001/providers/microsoft.storage/storageaccounts/stmdpseadevin001/blobservices/default"
"7aca393a-1a2d-49d5-8289-3195c3c704ba","3/21/2024, 1:34:53.950 PM",stmdpseadevin001,southeastasia,HTTPS,GetBlob,OAuth,206,Success,206,53,"https://stmdpseadevin001.blob.core.windows.net:443/inbound/source_file/mdp/cis/cis_org_20240319.txt?timeout=300","10.40.0.28:61528","c52c425d-201e-003d-1359-7bc247000000","1.0","2019-07-07",183577FAE30DFB808F09E2B2987055C7C0246F2F09B9956260BD165493D5E55E,"5b9c299e-f00d-4a62-ba1a-9ec8329f0417","8e11df9f-4615-434f-a6c6-8a0cb4ffeb6c","43386433-64a6-41a3-aecb-5acbddabc64c","https://storage.azure.com","https://sts.windows.net/8e11df9f-4615-434f-a6c6-8a0cb4ffeb6c/",,"[{""action"":""Microsoft.Storage/storageAccounts/blobServices/containers/blobs/read"",""roleAssignmentId"":""bf3889c5-7a65-c202-def9-ddb77590dc84"",""roleDefinitionId"":""1e7ca9b1-60d1-4db8-a914-f2ca1ff27c40"",""type"":""RBAC"",""principals"":[{""type"":""ServicePrincipal"",""id"":""5b9c299e-f00d-4a62-ba1a-9ec8329f0417""}],""denyAssignmentId"":"""",""result"":""Granted"",""reason"":""Policy""}]","StorageMalwareScanning DataMovement/2.0.4.0 Azure-Storage/11.2.3 (.NET CLR 4.0.30319.42000; Win32NT 6.2.9200.0)",,"349586d3-378f-4166-ad9f-dd840d35242e","""0x8DC497103D0651C""",blob,,"/stmdpseadevin001/inbound/source_file/mdp/cis/cis_org_20240319.txt",1881,,475,4194304,,,"3/21/2024, 1:34:52.000 PM","If-Match=Thursday, 21-Mar-24 06:34:52 GMT",,StorageRead,"TLS 1.2",,Success,,,,None,,Azure,StorageBlobLogs,"/subscriptions/84c51a50-9105-40db-8a5a-0af477d05597/resourcegroups/rg-mdp-sea-dev-dp-001/providers/microsoft.storage/storageaccounts/stmdpseadevin001/blobservices/default"
"7aca393a-1a2d-49d5-8289-3195c3c704ba","3/21/2024, 1:39:05.172 PM",stmdpseadevin001,southeastasia,HTTPS,ListBlobs,AccountKey,404,ContainerNotFound,13,12,"https://stmdpseadevin001.blob.core.windows.net:443/$accountmetadata?restype=container&comp=list&prefix=localuser/&sk=system-1","10.0.18.126:34329","6936575c-001e-0008-505a-7b169f000000","1.0","2019-07-07","system-1(85EC857D8687C06CFBA2305D8E0055A25F4A5CD01D1C36DC5FFB7A55598863BD)",,,,,,,,,,,,blob,,"/stmdpseadevin001/$accountmetadata",357,,177,225,,,,,,StorageRead,"TLS 1.2",,ClientOtherError,,,,None,,Azure,StorageBlobLogs,"/subscriptions/84c51a50-9105-40db-8a5a-0af477d05597/resourcegroups/rg-mdp-sea-dev-dp-001/providers/microsoft.storage/storageaccounts/stmdpseadevin001/blobservices/default"
